  [1m[35m (35.2ms)[0m  [1m[35mDROP TABLE IF EXISTS `form_schemas` CASCADE /*application='BoilerplateRailsApi'*/[0m
  [1m[35m (17.1ms)[0m  [1m[35mCREATE TABLE `form_schemas` (`id` bigint NOT NULL AUTO_INCREMENT PRIMARY KEY, `slug` varchar(255) NOT NULL, `title` varchar(255) NOT NULL, `submit_label` varchar(255) DEFAULT 'Submit' NOT NULL, `submit_endpoint` varchar(255) NOT NULL, `submit_method` varchar(255) DEFAULT 'POST' NOT NULL, `fields` longtext COLLATE utf8mb4_bin NOT NULL, `active` tinyint(1) DEFAULT TRUE NOT NULL, `created_at` datetime(6) NOT NULL, `updated_at` datetime(6) NOT NULL, INDEX `index_form_schemas_on_active` (`active`), UNIQUE INDEX `index_form_schemas_on_slug` (`slug`), CONSTRAINT fields CHECK (json_valid(`fields`))) DEFAULT CHARSET=utf8mb4 COLLATE=utf8mb4_general_ci /*application='BoilerplateRailsApi'*/[0m
  [1m[35m (5.1ms)[0m  [1m[35mDROP TABLE IF EXISTS `permissions` CASCADE /*application='BoilerplateRailsApi'*/[0m
  [1m[35m (9.7ms)[0m  [1m[35mCREATE TABLE `permissions` (`id` bigint NOT NULL AUTO_INCREMENT PRIMARY KEY, `resource` varchar(255) NOT NULL, `action` varchar(255) NOT NULL, `description` text, `created_at` datetime(6) NOT NULL, `updated_at` datetime(6) NOT NULL, UNIQUE INDEX `index_permissions_on_resource_and_action` (`resource`, `action`)) DEFAULT CHARSET=utf8mb4 COLLATE=utf8mb4_general_ci /*application='BoilerplateRailsApi'*/[0m
  [1m[35m (6.9ms)[0m  [1m[35mDROP TABLE IF EXISTS `role_permissions` CASCADE /*application='BoilerplateRailsApi'*/[0m
  [1m[35m (9.9ms)[0m  [1m[35mCREATE TABLE `role_permissions` (`id` bigint NOT NULL AUTO_INCREMENT PRIMARY KEY, `role_id` bigint NOT NULL, `permission_id` bigint NOT NULL, `created_at` datetime(6) NOT NULL, `updated_at` datetime(6) NOT NULL, INDEX `index_role_permissions_on_permission_id` (`permission_id`), UNIQUE INDEX `index_role_permissions_on_role_id_and_permission_id` (`role_id`, `permission_id`), INDEX `index_role_permissions_on_role_id` (`role_id`)) DEFAULT CHARSET=utf8mb4 COLLATE=utf8mb4_general_ci /*application='BoilerplateRailsApi'*/[0m
  [1m[35m (3.9ms)[0m  [1m[35mDROP TABLE IF EXISTS `roles` CASCADE /*application='BoilerplateRailsApi'*/[0m
  [1m[35m (8.8ms)[0m  [1m[35mCREATE TABLE `roles` (`id` bigint NOT NULL AUTO_INCREMENT PRIMARY KEY, `name` varchar(255) NOT NULL, `slug` varchar(255) NOT NULL, `description` text, `active` tinyint(1) DEFAULT TRUE NOT NULL, `created_at` datetime(6) NOT NULL, `updated_at` datetime(6) NOT NULL, UNIQUE INDEX `index_roles_on_slug` (`slug`)) DEFAULT CHARSET=utf8mb4 COLLATE=utf8mb4_general_ci /*application='BoilerplateRailsApi'*/[0m
  [1m[35m (4.1ms)[0m  [1m[35mDROP TABLE IF EXISTS `user_roles` CASCADE /*application='BoilerplateRailsApi'*/[0m
  [1m[35m (10.0ms)[0m  [1m[35mCREATE TABLE `user_roles` (`id` bigint NOT NULL AUTO_INCREMENT PRIMARY KEY, `user_id` bigint NOT NULL, `role_id` bigint NOT NULL, `expires_at` datetime(6), `created_at` datetime(6) NOT NULL, `updated_at` datetime(6) NOT NULL, INDEX `index_user_roles_on_role_id` (`role_id`), UNIQUE INDEX `index_user_roles_on_user_id_and_role_id` (`user_id`, `role_id`), INDEX `index_user_roles_on_user_id` (`user_id`)) DEFAULT CHARSET=utf8mb4 COLLATE=utf8mb4_general_ci /*application='BoilerplateRailsApi'*/[0m
  [1m[35m (3.4ms)[0m  [1m[35mDROP TABLE IF EXISTS `users` CASCADE /*application='BoilerplateRailsApi'*/[0m
  [1m[35m (9.9ms)[0m  [1m[35mCREATE TABLE `users` (`id` bigint NOT NULL AUTO_INCREMENT PRIMARY KEY, `email` varchar(255) NOT NULL, `encrypted_password` varchar(255) NOT NULL, `name` varchar(255) NOT NULL, `refresh_token_hash` varchar(255), `refresh_token_expires_at` datetime(6), `confirmed_at` datetime(6), `created_at` datetime(6) NOT NULL, `updated_at` datetime(6) NOT NULL, `super_admin` tinyint(1) DEFAULT FALSE NOT NULL, UNIQUE INDEX `index_users_on_email` (`email`), INDEX `index_users_on_refresh_token_hash` (`refresh_token_hash`)) DEFAULT CHARSET=utf8mb4 COLLATE=utf8mb4_general_ci /*application='BoilerplateRailsApi'*/[0m
  [1m[35m (23.5ms)[0m  [1m[35mALTER TABLE `role_permissions` ADD CONSTRAINT `fk_rails_439e640a3f`
FOREIGN KEY (`permission_id`)
  REFERENCES `permissions` (`id`)
 /*application='BoilerplateRailsApi'*/[0m
  [1m[35m (21.1ms)[0m  [1m[35mALTER TABLE `role_permissions` ADD CONSTRAINT `fk_rails_60126080bd`
FOREIGN KEY (`role_id`)
  REFERENCES `roles` (`id`)
 /*application='BoilerplateRailsApi'*/[0m
  [1m[35m (26.0ms)[0m  [1m[35mALTER TABLE `user_roles` ADD CONSTRAINT `fk_rails_3369e0d5fc`
FOREIGN KEY (`role_id`)
  REFERENCES `roles` (`id`)
 /*application='BoilerplateRailsApi'*/[0m
  [1m[35m (27.4ms)[0m  [1m[35mALTER TABLE `user_roles` ADD CONSTRAINT `fk_rails_318345354e`
FOREIGN KEY (`user_id`)
  REFERENCES `users` (`id`)
 /*application='BoilerplateRailsApi'*/[0m
  [1m[35m (20.1ms)[0m  [1m[35mCREATE TABLE `schema_migrations` (`version` varchar(255) NOT NULL PRIMARY KEY) /*application='BoilerplateRailsApi'*/[0m
  [1m[36mActiveRecord::SchemaMigration Load (2.1ms)[0m  [1m[34mSELECT `schema_migrations`.`version` FROM `schema_migrations` ORDER BY `schema_migrations`.`version` ASC /*application='BoilerplateRailsApi'*/[0m
  [1m[35m (3.1ms)[0m  [1m[32mINSERT INTO `schema_migrations` (version) VALUES (7) /*application='BoilerplateRailsApi'*/[0m
  [1m[35m (1.9ms)[0m  [1m[32mINSERT INTO `schema_migrations` (version) VALUES
(6),
(5),
(4),
(3),
(2),
(1); /*application='BoilerplateRailsApi'*/[0m
  [1m[35m (10.9ms)[0m  [1m[35mCREATE TABLE `ar_internal_metadata` (`key` varchar(255) NOT NULL PRIMARY KEY, `value` varchar(255), `created_at` datetime(6) NOT NULL, `updated_at` datetime(6) NOT NULL) /*application='BoilerplateRailsApi'*/[0m
  [1m[36mActiveRecord::InternalMetadata Load (1.4ms)[0m  [1m[34mSELECT * FROM `ar_internal_metadata` WHERE `ar_internal_metadata`.`key` = 'environment' ORDER BY `ar_internal_metadata`.`key` ASC LIMIT 1 /*application='BoilerplateRailsApi'*/[0m
  [1m[36mActiveRecord::InternalMetadata Create (4.4ms)[0m  [1m[32mINSERT INTO `ar_internal_metadata` (`key`, `value`, `created_at`, `updated_at`) VALUES ('environment', 'development', '2026-03-20 22:18:15.558624', '2026-03-20 22:18:15.558648') RETURNING `key` /*application='BoilerplateRailsApi'*/[0m
  [1m[36mActiveRecord::InternalMetadata Load (15.0ms)[0m  [1m[34mSELECT * FROM `ar_internal_metadata` WHERE `ar_internal_metadata`.`key` = 'environment' ORDER BY `ar_internal_metadata`.`key` ASC LIMIT 1 /*application='BoilerplateRailsApi'*/[0m
  [1m[36mActiveRecord::InternalMetadata Load (2.3ms)[0m  [1m[34mSELECT * FROM `ar_internal_metadata` WHERE `ar_internal_metadata`.`key` = 'schema_sha1' ORDER BY `ar_internal_metadata`.`key` ASC LIMIT 1 /*application='BoilerplateRailsApi'*/[0m
  [1m[36mActiveRecord::InternalMetadata Create (1.7ms)[0m  [1m[32mINSERT INTO `ar_internal_metadata` (`key`, `value`, `created_at`, `updated_at`) VALUES ('schema_sha1', '3b85993deb042a4dbfa9dd04ed1488993a59de6f', '2026-03-20 22:18:15.640274', '2026-03-20 22:18:15.640278') RETURNING `key` /*application='BoilerplateRailsApi'*/[0m
  [1m[35m (10.4ms)[0m  [1m[35mCREATE DATABASE `boilerplate_rails_api_test` DEFAULT CHARACTER SET `utf8mb4` /*application='BoilerplateRailsApi'*/[0m
  [1m[35m (5.5ms)[0m  [1m[35mDROP TABLE IF EXISTS `form_schemas` CASCADE /*application='BoilerplateRailsApi'*/[0m
  [1m[35m (12.2ms)[0m  [1m[35mCREATE TABLE `form_schemas` (`id` bigint NOT NULL AUTO_INCREMENT PRIMARY KEY, `slug` varchar(255) NOT NULL, `title` varchar(255) NOT NULL, `submit_label` varchar(255) DEFAULT 'Submit' NOT NULL, `submit_endpoint` varchar(255) NOT NULL, `submit_method` varchar(255) DEFAULT 'POST' NOT NULL, `fields` longtext COLLATE utf8mb4_bin NOT NULL, `active` tinyint(1) DEFAULT TRUE NOT NULL, `created_at` datetime(6) NOT NULL, `updated_at` datetime(6) NOT NULL, INDEX `index_form_schemas_on_active` (`active`), UNIQUE INDEX `index_form_schemas_on_slug` (`slug`), CONSTRAINT fields CHECK (json_valid(`fields`))) DEFAULT CHARSET=utf8mb4 COLLATE=utf8mb4_general_ci /*application='BoilerplateRailsApi'*/[0m
  [1m[35m (4.4ms)[0m  [1m[35mDROP TABLE IF EXISTS `permissions` CASCADE /*application='BoilerplateRailsApi'*/[0m
  [1m[35m (10.5ms)[0m  [1m[35mCREATE TABLE `permissions` (`id` bigint NOT NULL AUTO_INCREMENT PRIMARY KEY, `resource` varchar(255) NOT NULL, `action` varchar(255) NOT NULL, `description` text, `created_at` datetime(6) NOT NULL, `updated_at` datetime(6) NOT NULL, UNIQUE INDEX `index_permissions_on_resource_and_action` (`resource`, `action`)) DEFAULT CHARSET=utf8mb4 COLLATE=utf8mb4_general_ci /*application='BoilerplateRailsApi'*/[0m
  [1m[35m (4.5ms)[0m  [1m[35mDROP TABLE IF EXISTS `role_permissions` CASCADE /*application='BoilerplateRailsApi'*/[0m
  [1m[35m (13.4ms)[0m  [1m[35mCREATE TABLE `role_permissions` (`id` bigint NOT NULL AUTO_INCREMENT PRIMARY KEY, `role_id` bigint NOT NULL, `permission_id` bigint NOT NULL, `created_at` datetime(6) NOT NULL, `updated_at` datetime(6) NOT NULL, INDEX `index_role_permissions_on_permission_id` (`permission_id`), UNIQUE INDEX `index_role_permissions_on_role_id_and_permission_id` (`role_id`, `permission_id`), INDEX `index_role_permissions_on_role_id` (`role_id`)) DEFAULT CHARSET=utf8mb4 COLLATE=utf8mb4_general_ci /*application='BoilerplateRailsApi'*/[0m
  [1m[35m (4.3ms)[0m  [1m[35mDROP TABLE IF EXISTS `roles` CASCADE /*application='BoilerplateRailsApi'*/[0m
  [1m[35m (8.5ms)[0m  [1m[35mCREATE TABLE `roles` (`id` bigint NOT NULL AUTO_INCREMENT PRIMARY KEY, `name` varchar(255) NOT NULL, `slug` varchar(255) NOT NULL, `description` text, `active` tinyint(1) DEFAULT TRUE NOT NULL, `created_at` datetime(6) NOT NULL, `updated_at` datetime(6) NOT NULL, UNIQUE INDEX `index_roles_on_slug` (`slug`)) DEFAULT CHARSET=utf8mb4 COLLATE=utf8mb4_general_ci /*application='BoilerplateRailsApi'*/[0m
  [1m[35m (3.6ms)[0m  [1m[35mDROP TABLE IF EXISTS `user_roles` CASCADE /*application='BoilerplateRailsApi'*/[0m
  [1m[35m (19.8ms)[0m  [1m[35mCREATE TABLE `user_roles` (`id` bigint NOT NULL AUTO_INCREMENT PRIMARY KEY, `user_id` bigint NOT NULL, `role_id` bigint NOT NULL, `expires_at` datetime(6), `created_at` datetime(6) NOT NULL, `updated_at` datetime(6) NOT NULL, INDEX `index_user_roles_on_role_id` (`role_id`), UNIQUE INDEX `index_user_roles_on_user_id_and_role_id` (`user_id`, `role_id`), INDEX `index_user_roles_on_user_id` (`user_id`)) DEFAULT CHARSET=utf8mb4 COLLATE=utf8mb4_general_ci /*application='BoilerplateRailsApi'*/[0m
  [1m[35m (3.1ms)[0m  [1m[35mDROP TABLE IF EXISTS `users` CASCADE /*application='BoilerplateRailsApi'*/[0m
  [1m[35mSQL (0.4ms)[0m  [1m[34mSELECT GET_LOCK('7706711770149502845', 0) /*application='BoilerplateRailsApi'*/[0m
  [1m[35m (16.1ms)[0m  [1m[35mCREATE TABLE `users` (`id` bigint NOT NULL AUTO_INCREMENT PRIMARY KEY, `email` varchar(255) NOT NULL, `encrypted_password` varchar(255) NOT NULL, `name` varchar(255) NOT NULL, `refresh_token_hash` varchar(255), `refresh_token_expires_at` datetime(6), `confirmed_at` datetime(6), `created_at` datetime(6) NOT NULL, `updated_at` datetime(6) NOT NULL, `super_admin` tinyint(1) DEFAULT FALSE NOT NULL, UNIQUE INDEX `index_users_on_email` (`email`), INDEX `index_users_on_refresh_token_hash` (`refresh_token_hash`)) DEFAULT CHARSET=utf8mb4 COLLATE=utf8mb4_general_ci /*application='BoilerplateRailsApi'*/[0m
  [1m[35m (21.7ms)[0m  [1m[35mALTER TABLE `role_permissions` ADD CONSTRAINT `fk_rails_439e640a3f`
FOREIGN KEY (`permission_id`)
  REFERENCES `permissions` (`id`)
 /*application='BoilerplateRailsApi'*/[0m
  [1m[36mActiveRecord::SchemaMigration Load (0.9ms)[0m  [1m[34mSELECT `schema_migrations`.`version` FROM `schema_migrations` ORDER BY `schema_migrations`.`version` ASC /*application='BoilerplateRailsApi'*/[0m
  [1m[36mActiveRecord::InternalMetadata Load (0.5ms)[0m  [1m[34mSELECT * FROM `ar_internal_metadata` WHERE `ar_internal_metadata`.`key` = 'environment' ORDER BY `ar_internal_metadata`.`key` ASC LIMIT 1 /*application='BoilerplateRailsApi'*/[0m
  [1m[35m (20.5ms)[0m  [1m[35mALTER TABLE `role_permissions` ADD CONSTRAINT `fk_rails_60126080bd`
FOREIGN KEY (`role_id`)
  REFERENCES `roles` (`id`)
 /*application='BoilerplateRailsApi'*/[0m
  [1m[35mSQL (0.8ms)[0m  [1m[34mSELECT RELEASE_LOCK('7706711770149502845') /*application='BoilerplateRailsApi'*/[0m
  [1m[36mActiveRecord::SchemaMigration Load (0.9ms)[0m  [1m[34mSELECT `schema_migrations`.`version` FROM `schema_migrations` ORDER BY `schema_migrations`.`version` ASC /*application='BoilerplateRailsApi'*/[0m
  [1m[35m (33.8ms)[0m  [1m[35mALTER TABLE `user_roles` ADD CONSTRAINT `fk_rails_3369e0d5fc`
FOREIGN KEY (`role_id`)
  REFERENCES `roles` (`id`)
 /*application='BoilerplateRailsApi'*/[0m
  [1m[35m (26.5ms)[0m  [1m[35mALTER TABLE `user_roles` ADD CONSTRAINT `fk_rails_318345354e`
FOREIGN KEY (`user_id`)
  REFERENCES `users` (`id`)
 /*application='BoilerplateRailsApi'*/[0m
  [1m[35m (11.8ms)[0m  [1m[35mCREATE TABLE `schema_migrations` (`version` varchar(255) NOT NULL PRIMARY KEY) /*application='BoilerplateRailsApi'*/[0m
  [1m[36mActiveRecord::SchemaMigration Load (2.9ms)[0m  [1m[34mSELECT `schema_migrations`.`version` FROM `schema_migrations` ORDER BY `schema_migrations`.`version` ASC /*application='BoilerplateRailsApi'*/[0m
  [1m[35m (2.0ms)[0m  [1m[32mINSERT INTO `schema_migrations` (version) VALUES (7) /*application='BoilerplateRailsApi'*/[0m
  [1m[35m (3.7ms)[0m  [1m[32mINSERT INTO `schema_migrations` (version) VALUES
(6),
(5),
(4),
(3),
(2),
(1); /*application='BoilerplateRailsApi'*/[0m
  [1m[35m (10.4ms)[0m  [1m[35mCREATE TABLE `ar_internal_metadata` (`key` varchar(255) NOT NULL PRIMARY KEY, `value` varchar(255), `created_at` datetime(6) NOT NULL, `updated_at` datetime(6) NOT NULL) /*application='BoilerplateRailsApi'*/[0m
  [1m[36mActiveRecord::InternalMetadata Load (3.3ms)[0m  [1m[34mSELECT * FROM `ar_internal_metadata` WHERE `ar_internal_metadata`.`key` = 'environment' ORDER BY `ar_internal_metadata`.`key` ASC LIMIT 1 /*application='BoilerplateRailsApi'*/[0m
  [1m[36mActiveRecord::InternalMetadata Create (3.4ms)[0m  [1m[32mINSERT INTO `ar_internal_metadata` (`key`, `value`, `created_at`, `updated_at`) VALUES ('environment', 'development', '2026-03-20 22:18:16.131015', '2026-03-20 22:18:16.131026') RETURNING `key` /*application='BoilerplateRailsApi'*/[0m
  [1m[36mActiveRecord::InternalMetadata Load (1.0ms)[0m  [1m[34mSELECT * FROM `ar_internal_metadata` WHERE `ar_internal_metadata`.`key` = 'environment' ORDER BY `ar_internal_metadata`.`key` ASC LIMIT 1 /*application='BoilerplateRailsApi'*/[0m
  [1m[36mActiveRecord::InternalMetadata Update (1.3ms)[0m  [1m[33mUPDATE `ar_internal_metadata` SET `ar_internal_metadata`.`value` = 'test', `ar_internal_metadata`.`updated_at` = '2026-03-20 22:18:16.146836' WHERE `ar_internal_metadata`.`key` = 'environment' /*application='BoilerplateRailsApi'*/[0m
  [1m[36mActiveRecord::InternalMetadata Load (7.1ms)[0m  [1m[34mSELECT * FROM `ar_internal_metadata` WHERE `ar_internal_metadata`.`key` = 'schema_sha1' ORDER BY `ar_internal_metadata`.`key` ASC LIMIT 1 /*application='BoilerplateRailsApi'*/[0m
  [1m[36mActiveRecord::InternalMetadata Create (3.0ms)[0m  [1m[32mINSERT INTO `ar_internal_metadata` (`key`, `value`, `created_at`, `updated_at`) VALUES ('schema_sha1', 'da39a3ee5e6b4b0d3255bfef95601890afd80709', '2026-03-20 22:18:16.166238', '2026-03-20 22:18:16.166241') RETURNING `key` /*application='BoilerplateRailsApi'*/[0m
  [1m[36mActiveRecord::SchemaMigration Load (1.5ms)[0m  [1m[34mSELECT `schema_migrations`.`version` FROM `schema_migrations` ORDER BY `schema_migrations`.`version` ASC /*application='BoilerplateRailsApi'*/[0m
  [1m[36mActiveRecord::SchemaMigration Load (0.9ms)[0m  [1m[34mSELECT `schema_migrations`.`version` FROM `schema_migrations` ORDER BY `schema_migrations`.`version` ASC /*application='BoilerplateRailsApi'*/[0m
  [1m[36mPermission Load (0.7ms)[0m  [1m[34mSELECT `permissions`.* FROM `permissions` WHERE `permissions`.`resource` = 'users' AND `permissions`.`action` = 'read' LIMIT 1 /*application='BoilerplateRailsApi'*/[0m
  [1m[36mTRANSACTION (0.3ms)[0m  [1m[35mBEGIN /*application='BoilerplateRailsApi'*/[0m
  [1m[36mPermission Exists? (0.5ms)[0m  [1m[34mSELECT 1 AS one FROM `permissions` WHERE `permissions`.`resource` = 'users' AND `permissions`.`action` = 'read' LIMIT 1 /*application='BoilerplateRailsApi'*/[0m
  [1m[36mPermission Create (0.6ms)[0m  [1m[32mINSERT INTO `permissions` (`resource`, `action`, `description`, `created_at`, `updated_at`) VALUES ('users', 'read', 'Puede read users', '2026-03-20 22:18:16.869716', '2026-03-20 22:18:16.869716') RETURNING `id` /*application='BoilerplateRailsApi'*/[0m
  [1m[36mTRANSACTION (1.7ms)[0m  [1m[35mCOMMIT /*application='BoilerplateRailsApi'*/[0m
  [1m[36mPermission Load (0.5ms)[0m  [1m[34mSELECT `permissions`.* FROM `permissions` WHERE `permissions`.`resource` = 'users' AND `permissions`.`action` = 'create' LIMIT 1 /*application='BoilerplateRailsApi'*/[0m
  [1m[36mTRANSACTION (0.5ms)[0m  [1m[35mBEGIN /*application='BoilerplateRailsApi'*/[0m
  [1m[36mPermission Exists? (4.0ms)[0m  [1m[34mSELECT 1 AS one FROM `permissions` WHERE `permissions`.`resource` = 'users' AND `permissions`.`action` = 'create' LIMIT 1 /*application='BoilerplateRailsApi'*/[0m
  [1m[36mPermission Create (0.6ms)[0m  [1m[32mINSERT INTO `permissions` (`resource`, `action`, `description`, `created_at`, `updated_at`) VALUES ('users', 'create', 'Puede create users', '2026-03-20 22:18:16.914816', '2026-03-20 22:18:16.914816') RETURNING `id` /*application='BoilerplateRailsApi'*/[0m
  [1m[36mTRANSACTION (1.1ms)[0m  [1m[35mCOMMIT /*application='BoilerplateRailsApi'*/[0m
  [1m[36mPermission Load (0.5ms)[0m  [1m[34mSELECT `permissions`.* FROM `permissions` WHERE `permissions`.`resource` = 'users' AND `permissions`.`action` = 'update' LIMIT 1 /*application='BoilerplateRailsApi'*/[0m
  [1m[36mTRANSACTION (0.3ms)[0m  [1m[35mBEGIN /*application='BoilerplateRailsApi'*/[0m
  [1m[36mPermission Exists? (2.5ms)[0m  [1m[34mSELECT 1 AS one FROM `permissions` WHERE `permissions`.`resource` = 'users' AND `permissions`.`action` = 'update' LIMIT 1 /*application='BoilerplateRailsApi'*/[0m
  [1m[36mPermission Create (0.5ms)[0m  [1m[32mINSERT INTO `permissions` (`resource`, `action`, `description`, `created_at`, `updated_at`) VALUES ('users', 'update', 'Puede update users', '2026-03-20 22:18:16.936273', '2026-03-20 22:18:16.936273') RETURNING `id` /*application='BoilerplateRailsApi'*/[0m
  [1m[36mTRANSACTION (1.0ms)[0m  [1m[35mCOMMIT /*application='BoilerplateRailsApi'*/[0m
  [1m[36mPermission Load (0.5ms)[0m  [1m[34mSELECT `permissions`.* FROM `permissions` WHERE `permissions`.`resource` = 'users' AND `permissions`.`action` = 'destroy' LIMIT 1 /*application='BoilerplateRailsApi'*/[0m
  [1m[36mTRANSACTION (0.3ms)[0m  [1m[35mBEGIN /*application='BoilerplateRailsApi'*/[0m
  [1m[36mPermission Exists? (3.1ms)[0m  [1m[34mSELECT 1 AS one FROM `permissions` WHERE `permissions`.`resource` = 'users' AND `permissions`.`action` = 'destroy' LIMIT 1 /*application='BoilerplateRailsApi'*/[0m
  [1m[36mPermission Create (0.7ms)[0m  [1m[32mINSERT INTO `permissions` (`resource`, `action`, `description`, `created_at`, `updated_at`) VALUES ('users', 'destroy', 'Puede destroy users', '2026-03-20 22:18:16.972080', '2026-03-20 22:18:16.972080') RETURNING `id` /*application='BoilerplateRailsApi'*/[0m
  [1m[36mTRANSACTION (1.0ms)[0m  [1m[35mCOMMIT /*application='BoilerplateRailsApi'*/[0m
  [1m[36mPermission Load (0.5ms)[0m  [1m[34mSELECT `permissions`.* FROM `permissions` WHERE `permissions`.`resource` = 'users' AND `permissions`.`action` = 'manage' LIMIT 1 /*application='BoilerplateRailsApi'*/[0m
  [1m[36mTRANSACTION (0.4ms)[0m  [1m[35mBEGIN /*application='BoilerplateRailsApi'*/[0m
  [1m[36mPermission Exists? (2.5ms)[0m  [1m[34mSELECT 1 AS one FROM `permissions` WHERE `permissions`.`resource` = 'users' AND `permissions`.`action` = 'manage' LIMIT 1 /*application='BoilerplateRailsApi'*/[0m
  [1m[36mPermission Create (0.5ms)[0m  [1m[32mINSERT INTO `permissions` (`resource`, `action`, `description`, `created_at`, `updated_at`) VALUES ('users', 'manage', 'Puede manage users', '2026-03-20 22:18:16.993828', '2026-03-20 22:18:16.993828') RETURNING `id` /*application='BoilerplateRailsApi'*/[0m
  [1m[36mTRANSACTION (1.0ms)[0m  [1m[35mCOMMIT /*application='BoilerplateRailsApi'*/[0m
  [1m[36mPermission Load (0.5ms)[0m  [1m[34mSELECT `permissions`.* FROM `permissions` WHERE `permissions`.`resource` = 'roles' AND `permissions`.`action` = 'read' LIMIT 1 /*application='BoilerplateRailsApi'*/[0m
  [1m[36mTRANSACTION (0.3ms)[0m  [1m[35mBEGIN /*application='BoilerplateRailsApi'*/[0m
  [1m[36mPermission Exists? (2.6ms)[0m  [1m[34mSELECT 1 AS one FROM `permissions` WHERE `permissions`.`resource` = 'roles' AND `permissions`.`action` = 'read' LIMIT 1 /*application='BoilerplateRailsApi'*/[0m
  [1m[36mPermission Create (0.5ms)[0m  [1m[32mINSERT INTO `permissions` (`resource`, `action`, `description`, `created_at`, `updated_at`) VALUES ('roles', 'read', 'Puede read roles', '2026-03-20 22:18:17.022443', '2026-03-20 22:18:17.022443') RETURNING `id` /*application='BoilerplateRailsApi'*/[0m
  [1m[36mTRANSACTION (0.9ms)[0m  [1m[35mCOMMIT /*application='BoilerplateRailsApi'*/[0m
  [1m[36mPermission Load (0.5ms)[0m  [1m[34mSELECT `permissions`.* FROM `permissions` WHERE `permissions`.`resource` = 'roles' AND `permissions`.`action` = 'create' LIMIT 1 /*application='BoilerplateRailsApi'*/[0m
  [1m[36mTRANSACTION (0.3ms)[0m  [1m[35mBEGIN /*application='BoilerplateRailsApi'*/[0m
  [1m[36mPermission Exists? (2.5ms)[0m  [1m[34mSELECT 1 AS one FROM `permissions` WHERE `permissions`.`resource` = 'roles' AND `permissions`.`action` = 'create' LIMIT 1 /*application='BoilerplateRailsApi'*/[0m
  [1m[36mPermission Create (0.5ms)[0m  [1m[32mINSERT INTO `permissions` (`resource`, `action`, `description`, `created_at`, `updated_at`) VALUES ('roles', 'create', 'Puede create roles', '2026-03-20 22:18:17.038285', '2026-03-20 22:18:17.038285') RETURNING `id` /*application='BoilerplateRailsApi'*/[0m
  [1m[36mTRANSACTION (0.9ms)[0m  [1m[35mCOMMIT /*application='BoilerplateRailsApi'*/[0m
  [1m[36mPermission Load (0.5ms)[0m  [1m[34mSELECT `permissions`.* FROM `permissions` WHERE `permissions`.`resource` = 'roles' AND `permissions`.`action` = 'update' LIMIT 1 /*application='BoilerplateRailsApi'*/[0m
  [1m[36mTRANSACTION (0.5ms)[0m  [1m[35mBEGIN /*application='BoilerplateRailsApi'*/[0m
  [1m[36mPermission Exists? (3.0ms)[0m  [1m[34mSELECT 1 AS one FROM `permissions` WHERE `permissions`.`resource` = 'roles' AND `permissions`.`action` = 'update' LIMIT 1 /*application='BoilerplateRailsApi'*/[0m
  [1m[36mPermission Create (0.5ms)[0m  [1m[32mINSERT INTO `permissions` (`resource`, `action`, `description`, `created_at`, `updated_at`) VALUES ('roles', 'update', 'Puede update roles', '2026-03-20 22:18:17.058024', '2026-03-20 22:18:17.058024') RETURNING `id` /*application='BoilerplateRailsApi'*/[0m
  [1m[36mTRANSACTION (1.1ms)[0m  [1m[35mCOMMIT /*application='BoilerplateRailsApi'*/[0m
  [1m[36mPermission Load (0.5ms)[0m  [1m[34mSELECT `permissions`.* FROM `permissions` WHERE `permissions`.`resource` = 'roles' AND `permissions`.`action` = 'destroy' LIMIT 1 /*application='BoilerplateRailsApi'*/[0m
  [1m[36mTRANSACTION (0.3ms)[0m  [1m[35mBEGIN /*application='BoilerplateRailsApi'*/[0m
  [1m[36mPermission Exists? (2.4ms)[0m  [1m[34mSELECT 1 AS one FROM `permissions` WHERE `permissions`.`resource` = 'roles' AND `permissions`.`action` = 'destroy' LIMIT 1 /*application='BoilerplateRailsApi'*/[0m
  [1m[36mPermission Create (0.4ms)[0m  [1m[32mINSERT INTO `permissions` (`resource`, `action`, `description`, `created_at`, `updated_at`) VALUES ('roles', 'destroy', 'Puede destroy roles', '2026-03-20 22:18:17.083894', '2026-03-20 22:18:17.083894') RETURNING `id` /*application='BoilerplateRailsApi'*/[0m
  [1m[36mTRANSACTION (0.9ms)[0m  [1m[35mCOMMIT /*application='BoilerplateRailsApi'*/[0m
  [1m[36mPermission Load (0.5ms)[0m  [1m[34mSELECT `permissions`.* FROM `permissions` WHERE `permissions`.`resource` = 'permissions' AND `permissions`.`action` = 'read' LIMIT 1 /*application='BoilerplateRailsApi'*/[0m
  [1m[36mTRANSACTION (0.3ms)[0m  [1m[35mBEGIN /*application='BoilerplateRailsApi'*/[0m
  [1m[36mPermission Exists? (2.9ms)[0m  [1m[34mSELECT 1 AS one FROM `permissions` WHERE `permissions`.`resource` = 'permissions' AND `permissions`.`action` = 'read' LIMIT 1 /*application='BoilerplateRailsApi'*/[0m
  [1m[36mPermission Create (0.4ms)[0m  [1m[32mINSERT INTO `permissions` (`resource`, `action`, `description`, `created_at`, `updated_at`) VALUES ('permissions', 'read', 'Puede read permissions', '2026-03-20 22:18:17.120755', '2026-03-20 22:18:17.120755') RETURNING `id` /*application='BoilerplateRailsApi'*/[0m
  [1m[36mTRANSACTION (0.9ms)[0m  [1m[35mCOMMIT /*application='BoilerplateRailsApi'*/[0m
  [1m[36mPermission Load (0.5ms)[0m  [1m[34mSELECT `permissions`.* FROM `permissions` WHERE `permissions`.`resource` = 'permissions' AND `permissions`.`action` = 'create' LIMIT 1 /*application='BoilerplateRailsApi'*/[0m
  [1m[36mTRANSACTION (0.3ms)[0m  [1m[35mBEGIN /*application='BoilerplateRailsApi'*/[0m
  [1m[36mPermission Exists? (3.1ms)[0m  [1m[34mSELECT 1 AS one FROM `permissions` WHERE `permissions`.`resource` = 'permissions' AND `permissions`.`action` = 'create' LIMIT 1 /*application='BoilerplateRailsApi'*/[0m
  [1m[36mPermission Create (0.4ms)[0m  [1m[32mINSERT INTO `permissions` (`resource`, `action`, `description`, `created_at`, `updated_at`) VALUES ('permissions', 'create', 'Puede create permissions', '2026-03-20 22:18:17.139883', '2026-03-20 22:18:17.139883') RETURNING `id` /*application='BoilerplateRailsApi'*/[0m
  [1m[36mTRANSACTION (0.9ms)[0m  [1m[35mCOMMIT /*application='BoilerplateRailsApi'*/[0m
  [1m[36mPermission Load (0.5ms)[0m  [1m[34mSELECT `permissions`.* FROM `permissions` WHERE `permissions`.`resource` = 'permissions' AND `permissions`.`action` = 'update' LIMIT 1 /*application='BoilerplateRailsApi'*/[0m
  [1m[36mTRANSACTION (0.5ms)[0m  [1m[35mBEGIN /*application='BoilerplateRailsApi'*/[0m
  [1m[36mPermission Exists? (3.7ms)[0m  [1m[34mSELECT 1 AS one FROM `permissions` WHERE `permissions`.`resource` = 'permissions' AND `permissions`.`action` = 'update' LIMIT 1 /*application='BoilerplateRailsApi'*/[0m
  [1m[36mPermission Create (0.6ms)[0m  [1m[32mINSERT INTO `permissions` (`resource`, `action`, `description`, `created_at`, `updated_at`) VALUES ('permissions', 'update', 'Puede update permissions', '2026-03-20 22:18:17.155795', '2026-03-20 22:18:17.155795') RETURNING `id` /*application='BoilerplateRailsApi'*/[0m
  [1m[36mTRANSACTION (0.9ms)[0m  [1m[35mCOMMIT /*application='BoilerplateRailsApi'*/[0m
  [1m[36mPermission Load (0.8ms)[0m  [1m[34mSELECT `permissions`.* FROM `permissions` WHERE `permissions`.`resource` = 'permissions' AND `permissions`.`action` = 'destroy' LIMIT 1 /*application='BoilerplateRailsApi'*/[0m
  [1m[36mTRANSACTION (0.4ms)[0m  [1m[35mBEGIN /*application='BoilerplateRailsApi'*/[0m
  [1m[36mPermission Exists? (2.7ms)[0m  [1m[34mSELECT 1 AS one FROM `permissions` WHERE `permissions`.`resource` = 'permissions' AND `permissions`.`action` = 'destroy' LIMIT 1 /*application='BoilerplateRailsApi'*/[0m
  [1m[36mPermission Create (0.5ms)[0m  [1m[32mINSERT INTO `permissions` (`resource`, `action`, `description`, `created_at`, `updated_at`) VALUES ('permissions', 'destroy', 'Puede destroy permissions', '2026-03-20 22:18:17.175577', '2026-03-20 22:18:17.175577') RETURNING `id` /*application='BoilerplateRailsApi'*/[0m
  [1m[36mTRANSACTION (1.0ms)[0m  [1m[35mCOMMIT /*application='BoilerplateRailsApi'*/[0m
  [1m[36mPermission Load (0.7ms)[0m  [1m[34mSELECT `permissions`.* FROM `permissions` WHERE `permissions`.`resource` = 'form_schemas' AND `permissions`.`action` = 'read' LIMIT 1 /*application='BoilerplateRailsApi'*/[0m
  [1m[36mTRANSACTION (0.3ms)[0m  [1m[35mBEGIN /*application='BoilerplateRailsApi'*/[0m
  [1m[36mPermission Exists? (3.2ms)[0m  [1m[34mSELECT 1 AS one FROM `permissions` WHERE `permissions`.`resource` = 'form_schemas' AND `permissions`.`action` = 'read' LIMIT 1 /*application='BoilerplateRailsApi'*/[0m
  [1m[36mPermission Create (0.4ms)[0m  [1m[32mINSERT INTO `permissions` (`resource`, `action`, `description`, `created_at`, `updated_at`) VALUES ('form_schemas', 'read', 'Puede read form_schemas', '2026-03-20 22:18:17.191131', '2026-03-20 22:18:17.191131') RETURNING `id` /*application='BoilerplateRailsApi'*/[0m
  [1m[36mTRANSACTION (2.4ms)[0m  [1m[35mCOMMIT /*application='BoilerplateRailsApi'*/[0m
  [1m[36mPermission Load (0.8ms)[0m  [1m[34mSELECT `permissions`.* FROM `permissions` WHERE `permissions`.`resource` = 'form_schemas' AND `permissions`.`action` = 'create' LIMIT 1 /*application='BoilerplateRailsApi'*/[0m
  [1m[36mTRANSACTION (0.3ms)[0m  [1m[35mBEGIN /*application='BoilerplateRailsApi'*/[0m
  [1m[36mPermission Exists? (3.3ms)[0m  [1m[34mSELECT 1 AS one FROM `permissions` WHERE `permissions`.`resource` = 'form_schemas' AND `permissions`.`action` = 'create' LIMIT 1 /*application='BoilerplateRailsApi'*/[0m
  [1m[36mPermission Create (0.6ms)[0m  [1m[32mINSERT INTO `permissions` (`resource`, `action`, `description`, `created_at`, `updated_at`) VALUES ('form_schemas', 'create', 'Puede create form_schemas', '2026-03-20 22:18:17.230090', '2026-03-20 22:18:17.230090') RETURNING `id` /*application='BoilerplateRailsApi'*/[0m
  [1m[36mTRANSACTION (1.0ms)[0m  [1m[35mCOMMIT /*application='BoilerplateRailsApi'*/[0m
  [1m[36mPermission Load (0.5ms)[0m  [1m[34mSELECT `permissions`.* FROM `permissions` WHERE `permissions`.`resource` = 'form_schemas' AND `permissions`.`action` = 'update' LIMIT 1 /*application='BoilerplateRailsApi'*/[0m
  [1m[36mTRANSACTION (0.5ms)[0m  [1m[35mBEGIN /*application='BoilerplateRailsApi'*/[0m
  [1m[36mPermission Exists? (3.2ms)[0m  [1m[34mSELECT 1 AS one FROM `permissions` WHERE `permissions`.`resource` = 'form_schemas' AND `permissions`.`action` = 'update' LIMIT 1 /*application='BoilerplateRailsApi'*/[0m
  [1m[36mPermission Create (0.6ms)[0m  [1m[32mINSERT INTO `permissions` (`resource`, `action`, `description`, `created_at`, `updated_at`) VALUES ('form_schemas', 'update', 'Puede update form_schemas', '2026-03-20 22:18:17.253844', '2026-03-20 22:18:17.253844') RETURNING `id` /*application='BoilerplateRailsApi'*/[0m
  [1m[36mTRANSACTION (1.1ms)[0m  [1m[35mCOMMIT /*application='BoilerplateRailsApi'*/[0m
  [1m[36mPermission Load (0.7ms)[0m  [1m[34mSELECT `permissions`.* FROM `permissions` WHERE `permissions`.`resource` = 'form_schemas' AND `permissions`.`action` = 'destroy' LIMIT 1 /*application='BoilerplateRailsApi'*/[0m
  [1m[36mTRANSACTION (0.4ms)[0m  [1m[35mBEGIN /*application='BoilerplateRailsApi'*/[0m
  [1m[36mPermission Exists? (7.9ms)[0m  [1m[34mSELECT 1 AS one FROM `permissions` WHERE `permissions`.`resource` = 'form_schemas' AND `permissions`.`action` = 'destroy' LIMIT 1 /*application='BoilerplateRailsApi'*/[0m
  [1m[36mPermission Create (0.6ms)[0m  [1m[32mINSERT INTO `permissions` (`resource`, `action`, `description`, `created_at`, `updated_at`) VALUES ('form_schemas', 'destroy', 'Puede destroy form_schemas', '2026-03-20 22:18:17.272396', '2026-03-20 22:18:17.272396') RETURNING `id` /*application='BoilerplateRailsApi'*/[0m
  [1m[36mTRANSACTION (0.8ms)[0m  [1m[35mCOMMIT /*application='BoilerplateRailsApi'*/[0m
  [1m[36mRole Load (0.5ms)[0m  [1m[34mSELECT `roles`.* FROM `roles` WHERE `roles`.`slug` = 'admin' LIMIT 1 /*application='BoilerplateRailsApi'*/[0m
  [1m[36mTRANSACTION (0.3ms)[0m  [1m[35mBEGIN /*application='BoilerplateRailsApi'*/[0m
  [1m[36mRole Exists? (0.5ms)[0m  [1m[34mSELECT 1 AS one FROM `roles` WHERE `roles`.`slug` = 'admin' LIMIT 1 /*application='BoilerplateRailsApi'*/[0m
  [1m[36mRole Create (0.5ms)[0m  [1m[32mINSERT INTO `roles` (`name`, `slug`, `description`, `active`, `created_at`, `updated_at`) VALUES ('Administrador', 'admin', 'Acceso completo al sistema', TRUE, '2026-03-20 22:18:17.371059', '2026-03-20 22:18:17.371059') RETURNING `id` /*application='BoilerplateRailsApi'*/[0m
  [1m[36mTRANSACTION (0.9ms)[0m  [1m[35mCOMMIT /*application='BoilerplateRailsApi'*/[0m
  [1m[36mRole Load (0.5ms)[0m  [1m[34mSELECT `roles`.* FROM `roles` WHERE `roles`.`slug` = 'editor' LIMIT 1 /*application='BoilerplateRailsApi'*/[0m
  [1m[36mTRANSACTION (0.3ms)[0m  [1m[35mBEGIN /*application='BoilerplateRailsApi'*/[0m
  [1m[36mRole Exists? (2.6ms)[0m  [1m[34mSELECT 1 AS one FROM `roles` WHERE `roles`.`slug` = 'editor' LIMIT 1 /*application='BoilerplateRailsApi'*/[0m
  [1m[36mRole Create (0.6ms)[0m  [1m[32mINSERT INTO `roles` (`name`, `slug`, `description`, `active`, `created_at`, `updated_at`) VALUES ('Editor', 'editor', 'Puede gestionar contenido pero no usuarios ni roles', TRUE, '2026-03-20 22:18:17.390689', '2026-03-20 22:18:17.390689') RETURNING `id` /*application='BoilerplateRailsApi'*/[0m
  [1m[36mTRANSACTION (0.7ms)[0m  [1m[35mCOMMIT /*application='BoilerplateRailsApi'*/[0m
  [1m[36mRole Load (0.4ms)[0m  [1m[34mSELECT `roles`.* FROM `roles` WHERE `roles`.`slug` = 'viewer' LIMIT 1 /*application='BoilerplateRailsApi'*/[0m
  [1m[36mTRANSACTION (0.6ms)[0m  [1m[35mBEGIN /*application='BoilerplateRailsApi'*/[0m
  [1m[36mRole Exists? (4.2ms)[0m  [1m[34mSELECT 1 AS one FROM `roles` WHERE `roles`.`slug` = 'viewer' LIMIT 1 /*application='BoilerplateRailsApi'*/[0m
  [1m[36mRole Create (0.6ms)[0m  [1m[32mINSERT INTO `roles` (`name`, `slug`, `description`, `active`, `created_at`, `updated_at`) VALUES ('Viewer', 'viewer', 'Solo lectura', TRUE, '2026-03-20 22:18:17.404947', '2026-03-20 22:18:17.404947') RETURNING `id` /*application='BoilerplateRailsApi'*/[0m
  [1m[36mTRANSACTION (1.0ms)[0m  [1m[35mCOMMIT /*application='BoilerplateRailsApi'*/[0m
  [1m[36mPermission Load (0.6ms)[0m  [1m[34mSELECT `permissions`.* FROM `permissions` /*application='BoilerplateRailsApi'*/[0m
  [1m[36mPermission Load (0.9ms)[0m  [1m[34mSELECT `permissions`.* FROM `permissions` INNER JOIN `role_permissions` ON `permissions`.`id` = `role_permissions`.`permission_id` WHERE `role_permissions`.`role_id` = 1 /*application='BoilerplateRailsApi'*/[0m
  [1m[36mTRANSACTION (0.4ms)[0m  [1m[35mBEGIN /*application='BoilerplateRailsApi'*/[0m
  [1m[36mRolePermission Create (0.5ms)[0m  [1m[32mINSERT INTO `role_permissions` (`role_id`, `permission_id`, `created_at`, `updated_at`) VALUES (1, 1, '2026-03-20 22:18:17.617710', '2026-03-20 22:18:17.617710') RETURNING `id` /*application='BoilerplateRailsApi'*/[0m
  [1m[36mRolePermission Create (0.5ms)[0m  [1m[32mINSERT INTO `role_permissions` (`role_id`, `permission_id`, `created_at`, `updated_at`) VALUES (1, 2, '2026-03-20 22:18:17.629503', '2026-03-20 22:18:17.629503') RETURNING `id` /*application='BoilerplateRailsApi'*/[0m
  [1m[36mRolePermission Create (0.4ms)[0m  [1m[32mINSERT INTO `role_permissions` (`role_id`, `permission_id`, `created_at`, `updated_at`) VALUES (1, 3, '2026-03-20 22:18:17.634826', '2026-03-20 22:18:17.634826') RETURNING `id` /*application='BoilerplateRailsApi'*/[0m
  [1m[36mRolePermission Create (0.4ms)[0m  [1m[32mINSERT INTO `role_permissions` (`role_id`, `permission_id`, `created_at`, `updated_at`) VALUES (1, 4, '2026-03-20 22:18:17.639315', '2026-03-20 22:18:17.639315') RETURNING `id` /*application='BoilerplateRailsApi'*/[0m
  [1m[36mRolePermission Create (0.5ms)[0m  [1m[32mINSERT INTO `role_permissions` (`role_id`, `permission_id`, `created_at`, `updated_at`) VALUES (1, 5, '2026-03-20 22:18:17.654870', '2026-03-20 22:18:17.654870') RETURNING `id` /*application='BoilerplateRailsApi'*/[0m
  [1m[36mRolePermission Create (0.5ms)[0m  [1m[32mINSERT INTO `role_permissions` (`role_id`, `permission_id`, `created_at`, `updated_at`) VALUES (1, 6, '2026-03-20 22:18:17.664616', '2026-03-20 22:18:17.664616') RETURNING `id` /*application='BoilerplateRailsApi'*/[0m
  [1m[36mRolePermission Create (0.5ms)[0m  [1m[32mINSERT INTO `role_permissions` (`role_id`, `permission_id`, `created_at`, `updated_at`) VALUES (1, 7, '2026-03-20 22:18:17.673691', '2026-03-20 22:18:17.673691') RETURNING `id` /*application='BoilerplateRailsApi'*/[0m
  [1m[36mRolePermission Create (0.5ms)[0m  [1m[32mINSERT INTO `role_permissions` (`role_id`, `permission_id`, `created_at`, `updated_at`) VALUES (1, 8, '2026-03-20 22:18:17.684927', '2026-03-20 22:18:17.684927') RETURNING `id` /*application='BoilerplateRailsApi'*/[0m
  [1m[36mRolePermission Create (0.4ms)[0m  [1m[32mINSERT INTO `role_permissions` (`role_id`, `permission_id`, `created_at`, `updated_at`) VALUES (1, 9, '2026-03-20 22:18:17.689350', '2026-03-20 22:18:17.689350') RETURNING `id` /*application='BoilerplateRailsApi'*/[0m
  [1m[36mRolePermission Create (0.5ms)[0m  [1m[32mINSERT INTO `role_permissions` (`role_id`, `permission_id`, `created_at`, `updated_at`) VALUES (1, 10, '2026-03-20 22:18:17.714766', '2026-03-20 22:18:17.714766') RETURNING `id` /*application='BoilerplateRailsApi'*/[0m
  [1m[36mRolePermission Create (0.4ms)[0m  [1m[32mINSERT INTO `role_permissions` (`role_id`, `permission_id`, `created_at`, `updated_at`) VALUES (1, 11, '2026-03-20 22:18:17.723329', '2026-03-20 22:18:17.723329') RETURNING `id` /*application='BoilerplateRailsApi'*/[0m
  [1m[36mRolePermission Create (0.5ms)[0m  [1m[32mINSERT INTO `role_permissions` (`role_id`, `permission_id`, `created_at`, `updated_at`) VALUES (1, 12, '2026-03-20 22:18:17.725759', '2026-03-20 22:18:17.725759') RETURNING `id` /*application='BoilerplateRailsApi'*/[0m
  [1m[36mRolePermission Create (0.5ms)[0m  [1m[32mINSERT INTO `role_permissions` (`role_id`, `permission_id`, `created_at`, `updated_at`) VALUES (1, 13, '2026-03-20 22:18:17.728901', '2026-03-20 22:18:17.728901') RETURNING `id` /*application='BoilerplateRailsApi'*/[0m
  [1m[36mRolePermission Create (0.5ms)[0m  [1m[32mINSERT INTO `role_permissions` (`role_id`, `permission_id`, `created_at`, `updated_at`) VALUES (1, 14, '2026-03-20 22:18:17.746314', '2026-03-20 22:18:17.746314') RETURNING `id` /*application='BoilerplateRailsApi'*/[0m
  [1m[36mRolePermission Create (0.6ms)[0m  [1m[32mINSERT INTO `role_permissions` (`role_id`, `permission_id`, `created_at`, `updated_at`) VALUES (1, 15, '2026-03-20 22:18:17.771536', '2026-03-20 22:18:17.771536') RETURNING `id` /*application='BoilerplateRailsApi'*/[0m
  [1m[36mRolePermission Create (0.5ms)[0m  [1m[32mINSERT INTO `role_permissions` (`role_id`, `permission_id`, `created_at`, `updated_at`) VALUES (1, 16, '2026-03-20 22:18:17.777338', '2026-03-20 22:18:17.777338') RETURNING `id` /*application='BoilerplateRailsApi'*/[0m
  [1m[36mRolePermission Create (0.5ms)[0m  [1m[32mINSERT INTO `role_permissions` (`role_id`, `permission_id`, `created_at`, `updated_at`) VALUES (1, 17, '2026-03-20 22:18:17.780866', '2026-03-20 22:18:17.780866') RETURNING `id` /*application='BoilerplateRailsApi'*/[0m
  [1m[36mTRANSACTION (1.6ms)[0m  [1m[35mCOMMIT /*application='BoilerplateRailsApi'*/[0m
  [1m[36mPermission Load (0.7ms)[0m  [1m[34mSELECT `permissions`.* FROM `permissions` WHERE `permissions`.`resource` = 'form_schemas' /*application='BoilerplateRailsApi'*/[0m
  [1m[36mPermission Load (0.8ms)[0m  [1m[34mSELECT `permissions`.* FROM `permissions` INNER JOIN `role_permissions` ON `permissions`.`id` = `role_permissions`.`permission_id` WHERE `role_permissions`.`role_id` = 2 /*application='BoilerplateRailsApi'*/[0m
  [1m[36mTRANSACTION (0.4ms)[0m  [1m[35mBEGIN /*application='BoilerplateRailsApi'*/[0m
  [1m[36mRolePermission Create (2.7ms)[0m  [1m[32mINSERT INTO `role_permissions` (`role_id`, `permission_id`, `created_at`, `updated_at`) VALUES (2, 15, '2026-03-20 22:18:17.823500', '2026-03-20 22:18:17.823500') RETURNING `id` /*application='BoilerplateRailsApi'*/[0m
  [1m[36mRolePermission Create (0.5ms)[0m  [1m[32mINSERT INTO `role_permissions` (`role_id`, `permission_id`, `created_at`, `updated_at`) VALUES (2, 17, '2026-03-20 22:18:17.832804', '2026-03-20 22:18:17.832804') RETURNING `id` /*application='BoilerplateRailsApi'*/[0m
  [1m[36mRolePermission Create (0.5ms)[0m  [1m[32mINSERT INTO `role_permissions` (`role_id`, `permission_id`, `created_at`, `updated_at`) VALUES (2, 14, '2026-03-20 22:18:17.836106', '2026-03-20 22:18:17.836106') RETURNING `id` /*application='BoilerplateRailsApi'*/[0m
  [1m[36mRolePermission Create (0.4ms)[0m  [1m[32mINSERT INTO `role_permissions` (`role_id`, `permission_id`, `created_at`, `updated_at`) VALUES (2, 16, '2026-03-20 22:18:17.840985', '2026-03-20 22:18:17.840985') RETURNING `id` /*application='BoilerplateRailsApi'*/[0m
  [1m[36mTRANSACTION (0.9ms)[0m  [1m[35mCOMMIT /*application='BoilerplateRailsApi'*/[0m
  [1m[36mPermission Load (1.0ms)[0m  [1m[34mSELECT `permissions`.* FROM `permissions` WHERE `permissions`.`action` = 'read' /*application='BoilerplateRailsApi'*/[0m
  [1m[36mPermission Load (0.5ms)[0m  [1m[34mSELECT `permissions`.* FROM `permissions` INNER JOIN `role_permissions` ON `permissions`.`id` = `role_permissions`.`permission_id` WHERE `role_permissions`.`role_id` = 3 /*application='BoilerplateRailsApi'*/[0m
  [1m[36mTRANSACTION (0.4ms)[0m  [1m[35mBEGIN /*application='BoilerplateRailsApi'*/[0m
  [1m[36mRolePermission Create (2.8ms)[0m  [1m[32mINSERT INTO `role_permissions` (`role_id`, `permission_id`, `created_at`, `updated_at`) VALUES (3, 1, '2026-03-20 22:18:17.852897', '2026-03-20 22:18:17.852897') RETURNING `id` /*application='BoilerplateRailsApi'*/[0m
  [1m[36mRolePermission Create (0.5ms)[0m  [1m[32mINSERT INTO `role_permissions` (`role_id`, `permission_id`, `created_at`, `updated_at`) VALUES (3, 6, '2026-03-20 22:18:17.857999', '2026-03-20 22:18:17.857999') RETURNING `id` /*application='BoilerplateRailsApi'*/[0m
  [1m[36mRolePermission Create (0.6ms)[0m  [1m[32mINSERT INTO `role_permissions` (`role_id`, `permission_id`, `created_at`, `updated_at`) VALUES (3, 10, '2026-03-20 22:18:17.861035', '2026-03-20 22:18:17.861035') RETURNING `id` /*application='BoilerplateRailsApi'*/[0m
  [1m[36mRolePermission Create (1.0ms)[0m  [1m[32mINSERT INTO `role_permissions` (`role_id`, `permission_id`, `created_at`, `updated_at`) VALUES (3, 14, '2026-03-20 22:18:17.873021', '2026-03-20 22:18:17.873021') RETURNING `id` /*application='BoilerplateRailsApi'*/[0m
  [1m[36mTRANSACTION (1.7ms)[0m  [1m[35mCOMMIT /*application='BoilerplateRailsApi'*/[0m
  [1m[36mUser Load (0.6ms)[0m  [1m[34mSELECT `users`.* FROM `users` WHERE `users`.`email` = 'superadmin@boilerplate.dev' LIMIT 1 /*application='BoilerplateRailsApi'*/[0m
  [1m[36mTRANSACTION (0.4ms)[0m  [1m[35mBEGIN /*application='BoilerplateRailsApi'*/[0m
  [1m[36mUser Exists? (0.5ms)[0m  [1m[34mSELECT 1 AS one FROM `users` WHERE `users`.`email` = 'superadmin@boilerplate.dev' LIMIT 1 /*application='BoilerplateRailsApi'*/[0m
  [1m[36mUser Create (0.5ms)[0m  [1m[32mINSERT INTO `users` (`email`, `encrypted_password`, `name`, `refresh_token_hash`, `refresh_token_expires_at`, `confirmed_at`, `created_at`, `updated_at`, `super_admin`) VALUES ('superadmin@boilerplate.dev', '$2a$12$15bXLdNNoK4UPzyvamC.M.9Vvmjksn1sonPGWxKElWYZwcgSDICBa', 'Super Admin', NULL, NULL, NULL, '2026-03-20 22:18:18.289628', '2026-03-20 22:18:18.289628', TRUE) RETURNING `id` /*application='BoilerplateRailsApi'*/[0m
  [1m[36mTRANSACTION (1.3ms)[0m  [1m[35mCOMMIT /*application='BoilerplateRailsApi'*/[0m
  [1m[36mUser Load (0.5ms)[0m  [1m[34mSELECT `users`.* FROM `users` WHERE `users`.`email` = 'admin@boilerplate.dev' LIMIT 1 /*application='BoilerplateRailsApi'*/[0m
  [1m[36mTRANSACTION (0.4ms)[0m  [1m[35mBEGIN /*application='BoilerplateRailsApi'*/[0m
  [1m[36mUser Exists? (3.0ms)[0m  [1m[34mSELECT 1 AS one FROM `users` WHERE `users`.`email` = 'admin@boilerplate.dev' LIMIT 1 /*application='BoilerplateRailsApi'*/[0m
  [1m[36mUser Create (0.5ms)[0m  [1m[32mINSERT INTO `users` (`email`, `encrypted_password`, `name`, `refresh_token_hash`, `refresh_token_expires_at`, `confirmed_at`, `created_at`, `updated_at`, `super_admin`) VALUES ('admin@boilerplate.dev', '$2a$12$fuURtGbs/BBllN83GIDR6ui/Md0myC4KgCcq5Tpkg00VgFPalyTD.', 'Admin User', NULL, NULL, NULL, '2026-03-20 22:18:18.573886', '2026-03-20 22:18:18.573886', FALSE) RETURNING `id` /*application='BoilerplateRailsApi'*/[0m
  [1m[36mTRANSACTION (0.9ms)[0m  [1m[35mCOMMIT /*application='BoilerplateRailsApi'*/[0m
  [1m[36mUserRole Load (0.6ms)[0m  [1m[34mSELECT `user_roles`.* FROM `user_roles` WHERE `user_roles`.`user_id` = 2 AND `user_roles`.`role_id` = 1 LIMIT 1 /*application='BoilerplateRailsApi'*/[0m
  [1m[36mTRANSACTION (0.3ms)[0m  [1m[35mBEGIN /*application='BoilerplateRailsApi'*/[0m
  [1m[36mUserRole Create (0.7ms)[0m  [1m[32mINSERT INTO `user_roles` (`user_id`, `role_id`, `expires_at`, `created_at`, `updated_at`) VALUES (2, 1, NULL, '2026-03-20 22:18:18.654939', '2026-03-20 22:18:18.654939') RETURNING `id` /*application='BoilerplateRailsApi'*/[0m
  [1m[36mTRANSACTION (1.1ms)[0m  [1m[35mCOMMIT /*application='BoilerplateRailsApi'*/[0m
  [1m[36mUser Load (0.5ms)[0m  [1m[34mSELECT `users`.* FROM `users` WHERE `users`.`email` = 'viewer@boilerplate.dev' LIMIT 1 /*application='BoilerplateRailsApi'*/[0m
  [1m[36mTRANSACTION (0.6ms)[0m  [1m[35mBEGIN /*application='BoilerplateRailsApi'*/[0m
  [1m[36mUser Exists? (5.6ms)[0m  [1m[34mSELECT 1 AS one FROM `users` WHERE `users`.`email` = 'viewer@boilerplate.dev' LIMIT 1 /*application='BoilerplateRailsApi'*/[0m
  [1m[36mUser Create (0.9ms)[0m  [1m[32mINSERT INTO `users` (`email`, `encrypted_password`, `name`, `refresh_token_hash`, `refresh_token_expires_at`, `confirmed_at`, `created_at`, `updated_at`, `super_admin`) VALUES ('viewer@boilerplate.dev', '$2a$12$3YvNYK1C3BtKmdgySxKqJ.clyoEqCXavoM9MsoteNoUvPdi0qydBC', 'Viewer User', NULL, NULL, NULL, '2026-03-20 22:18:19.057567', '2026-03-20 22:18:19.057567', FALSE) RETURNING `id` /*application='BoilerplateRailsApi'*/[0m
  [1m[36mTRANSACTION (3.7ms)[0m  [1m[35mCOMMIT /*application='BoilerplateRailsApi'*/[0m
  [1m[36mUserRole Load (0.5ms)[0m  [1m[34mSELECT `user_roles`.* FROM `user_roles` WHERE `user_roles`.`user_id` = 3 AND `user_roles`.`role_id` = 3 LIMIT 1 /*application='BoilerplateRailsApi'*/[0m
  [1m[36mTRANSACTION (0.3ms)[0m  [1m[35mBEGIN /*application='BoilerplateRailsApi'*/[0m
  [1m[36mUserRole Create (2.6ms)[0m  [1m[32mINSERT INTO `user_roles` (`user_id`, `role_id`, `expires_at`, `created_at`, `updated_at`) VALUES (3, 3, NULL, '2026-03-20 22:18:19.075823', '2026-03-20 22:18:19.075823') RETURNING `id` /*application='BoilerplateRailsApi'*/[0m
  [1m[36mTRANSACTION (1.0ms)[0m  [1m[35mCOMMIT /*application='BoilerplateRailsApi'*/[0m
  [1m[36mFormSchema Load (0.6ms)[0m  [1m[34mSELECT `form_schemas`.* FROM `form_schemas` WHERE `form_schemas`.`slug` = 'login-form' LIMIT 1 /*application='BoilerplateRailsApi'*/[0m
  [1m[36mTRANSACTION (0.4ms)[0m  [1m[35mBEGIN /*application='BoilerplateRailsApi'*/[0m
  [1m[36mFormSchema Exists? (0.5ms)[0m  [1m[34mSELECT 1 AS one FROM `form_schemas` WHERE `form_schemas`.`slug` = 'login-form' LIMIT 1 /*application='BoilerplateRailsApi'*/[0m
  [1m[36mFormSchema Create (1.6ms)[0m  [1m[32mINSERT INTO `form_schemas` (`slug`, `title`, `submit_label`, `submit_endpoint`, `submit_method`, `fields`, `active`, `created_at`, `updated_at`) VALUES ('login-form', 'Sign In', 'Sign In', '/api/v1/auth/login', 'POST', '[{\"name\"=>\"email\", \"label\"=>\"Email address\", \"type\"=>\"email\", \"placeholder\"=>\"you@example.com\", \"required\"=>true, \"order\"=>1, \"validations\"=>{\"format\"=>\"email\", \"max_length\"=>255}}, {\"name\"=>\"password\", \"label\"=>\"Password\", \"type\"=>\"password\", \"placeholder\"=>\"********\", \"required\"=>true, \"order\"=>2, \"validations\"=>{\"min_length\"=>8}}]', TRUE, '2026-03-20 22:18:19.148005', '2026-03-20 22:18:19.148005') RETURNING `id` /*application='BoilerplateRailsApi'*/[0m
  [1m[36mTRANSACTION (0.6ms)[0m  [1m[31mROLLBACK /*application='BoilerplateRailsApi'*/[0m
  [1m[36mRole Pluck (2.6ms)[0m  [1m[34mSELECT `roles`.`slug` FROM `roles` ORDER BY `roles`.`slug` ASC /*application='BoilerplateRailsApi'*/[0m
  [1m[36mPermission Pluck (1.0ms)[0m  [1m[34mSELECT CONCAT(resource, ":", action), `permissions`.`resource`, `permissions`.`action` FROM `permissions` ORDER BY `permissions`.`resource` ASC, `permissions`.`action` ASC /*application='BoilerplateRailsApi'*/[0m
  [1m[36mUser Pluck (1.9ms)[0m  [1m[34mSELECT `users`.`email` FROM `users` ORDER BY `users`.`email` ASC /*application='BoilerplateRailsApi'*/[0m
  [1m[36mFormSchema Pluck (5.4ms)[0m  [1m[34mSELECT `form_schemas`.`slug` FROM `form_schemas` ORDER BY `form_schemas`.`slug` ASC /*application='BoilerplateRailsApi'*/[0m
  [1m[36mTRANSACTION (0.7ms)[0m  [1m[35mBEGIN /*application='BoilerplateRailsApi'*/[0m
  [1m[36mFormSchema Exists? (17.2ms)[0m  [1m[34mSELECT 1 AS one FROM `form_schemas` WHERE `form_schemas`.`slug` = 'test' LIMIT 1 /*application='BoilerplateRailsApi'*/[0m
  [1m[36mFormSchema Create (2.3ms)[0m  [1m[32mINSERT INTO `form_schemas` (`slug`, `title`, `submit_label`, `submit_endpoint`, `submit_method`, `fields`, `active`, `created_at`, `updated_at`) VALUES ('test', 'Test', 'Submit', '/x', 'POST', '[{:name=>\"email\"}]', TRUE, '2026-03-20 22:24:47.636762', '2026-03-20 22:24:47.636762') RETURNING `id` /*application='BoilerplateRailsApi'*/[0m
  [1m[36mTRANSACTION (5.7ms)[0m  [1m[31mROLLBACK /*application='BoilerplateRailsApi'*/[0m
  [1m[36mActiveRecord::SchemaMigration Load (9.6ms)[0m  [1m[34mSELECT `schema_migrations`.`version` FROM `schema_migrations` ORDER BY `schema_migrations`.`version` ASC /*application='BoilerplateRailsApi'*/[0m
  [1m[36mActiveRecord::SchemaMigration Load (4.6ms)[0m  [1m[34mSELECT `schema_migrations`.`version` FROM `schema_migrations` ORDER BY `schema_migrations`.`version` ASC /*application='BoilerplateRailsApi'*/[0m
Started GET "/api/v1/forms/login-form" for 192.168.65.1 at 2026-03-21 14:40:28 +0000
  [1m[36mActiveRecord::SchemaMigration Load (33.9ms)[0m  [1m[34mSELECT `schema_migrations`.`version` FROM `schema_migrations` ORDER BY `schema_migrations`.`version` ASC /*application='BoilerplateRailsApi'*/[0m
  
ActionController::RoutingError (No route matches [GET] "/api/v1/forms/login-form"):
  
Started GET "/api/v1/forms/login-form" for 192.168.65.1 at 2026-03-21 14:40:32 +0000
  
ActionController::RoutingError (No route matches [GET] "/api/v1/forms/login-form"):
  
Started GET "/api/v1/forms/login-form" for 192.168.65.1 at 2026-03-21 14:45:54 +0000
  
ActionController::RoutingError (No route matches [GET] "/api/v1/forms/login-form"):
  
Started GET "/api/v1/forms/login-form" for 192.168.65.1 at 2026-03-21 14:46:39 +0000
  
ActionController::RoutingError (No route matches [GET] "/api/v1/forms/login-form"):
  
Started GET "/api/v1/forms/login-form" for 192.168.65.1 at 2026-03-21 14:46:40 +0000
  
ActionController::RoutingError (No route matches [GET] "/api/v1/forms/login-form"):
  
Started GET "/api/v1/forms/login-form" for 192.168.65.1 at 2026-03-21 14:46:52 +0000
  
ActionController::RoutingError (No route matches [GET] "/api/v1/forms/login-form"):
  
Started GET "/api/v1/forms/login-form" for 192.168.65.1 at 2026-03-21 14:46:53 +0000
  
ActionController::RoutingError (No route matches [GET] "/api/v1/forms/login-form"):
  
Started GET "/api/v1/forms/login-form" for 192.168.65.1 at 2026-03-21 14:48:12 +0000
  
ActionController::RoutingError (No route matches [GET] "/api/v1/forms/login-form"):
  
Started GET "/api/v1/auth/google" for 192.168.65.1 at 2026-03-21 14:50:05 +0000
  
ActionController::RoutingError (No route matches [GET] "/api/v1/auth/google"):
  
Started GET "/.well-known/appspecific/com.chrome.devtools.json" for 192.168.65.1 at 2026-03-21 14:50:05 +0000
  
ActionController::RoutingError (No route matches [GET] "/.well-known/appspecific/com.chrome.devtools.json"):
  
Started GET "/favicon.ico" for 192.168.65.1 at 2026-03-21 14:50:05 +0000
  
ActionController::RoutingError (No route matches [GET] "/favicon.ico"):
  
Started GET "/api/v1/auth/google" for 192.168.65.1 at 2026-03-21 14:51:02 +0000
  
ActionController::RoutingError (No route matches [GET] "/api/v1/auth/google"):
  
Started GET "/.well-known/appspecific/com.chrome.devtools.json" for 192.168.65.1 at 2026-03-21 14:51:02 +0000
  
ActionController::RoutingError (No route matches [GET] "/.well-known/appspecific/com.chrome.devtools.json"):
  
  [1m[36mActiveRecord::SchemaMigration Load (9.6ms)[0m  [1m[34mSELECT `schema_migrations`.`version` FROM `schema_migrations` ORDER BY `schema_migrations`.`version` ASC /*application='BoilerplateRailsApi'*/[0m
  [1m[35mSQL (1.8ms)[0m  [1m[34mSELECT GET_LOCK('7706711770149502845', 0) /*application='BoilerplateRailsApi'*/[0m
  [1m[36mActiveRecord::SchemaMigration Load (1.1ms)[0m  [1m[34mSELECT `schema_migrations`.`version` FROM `schema_migrations` ORDER BY `schema_migrations`.`version` ASC /*application='BoilerplateRailsApi'*/[0m
  [1m[36mActiveRecord::InternalMetadata Load (3.2ms)[0m  [1m[34mSELECT * FROM `ar_internal_metadata` WHERE `ar_internal_metadata`.`key` = 'environment' ORDER BY `ar_internal_metadata`.`key` ASC LIMIT 1 /*application='BoilerplateRailsApi'*/[0m
Migrating to AddOauthToUsers (8)
  [1m[35m (50.6ms)[0m  [1m[35mALTER TABLE `users` ADD `google_uid` varchar(255) /*application='BoilerplateRailsApi'*/[0m
  [1m[35m (14.0ms)[0m  [1m[35mALTER TABLE `users` ADD `avatar_url` varchar(255) /*application='BoilerplateRailsApi'*/[0m
  [1m[35m (13.8ms)[0m  [1m[35mALTER TABLE `users` ADD `auth_provider` varchar(255) /*application='BoilerplateRailsApi'*/[0m
  [1m[35m (23.9ms)[0m  [1m[35mCREATE UNIQUE INDEX `index_users_on_google_uid` ON `users` (`google_uid`) /*application='BoilerplateRailsApi'*/[0m
  [1m[36mActiveRecord::SchemaMigration Create (11.7ms)[0m  [1m[32mINSERT INTO `schema_migrations` (`version`) VALUES ('8') RETURNING `version` /*application='BoilerplateRailsApi'*/[0m
  [1m[35mSQL (2.5ms)[0m  [1m[34mSELECT RELEASE_LOCK('7706711770149502845') /*application='BoilerplateRailsApi'*/[0m
  [1m[36mActiveRecord::SchemaMigration Load (0.7ms)[0m  [1m[34mSELECT `schema_migrations`.`version` FROM `schema_migrations` ORDER BY `schema_migrations`.`version` ASC /*application='BoilerplateRailsApi'*/[0m
  [1m[35mSQL (0.6ms)[0m  [1m[34mSELECT GET_LOCK('4704431164495240185', 0) /*application='BoilerplateRailsApi'*/[0m
  [1m[36mActiveRecord::SchemaMigration Load (23.3ms)[0m  [1m[34mSELECT `schema_migrations`.`version` FROM `schema_migrations` ORDER BY `schema_migrations`.`version` ASC /*application='BoilerplateRailsApi'*/[0m
  [1m[36mActiveRecord::InternalMetadata Load (0.8ms)[0m  [1m[34mSELECT * FROM `ar_internal_metadata` WHERE `ar_internal_metadata`.`key` = 'environment' ORDER BY `ar_internal_metadata`.`key` ASC LIMIT 1 /*application='BoilerplateRailsApi'*/[0m
Migrating to AddOauthToUsers (8)
  [1m[35m (10.6ms)[0m  [1m[35mALTER TABLE `users` ADD `google_uid` varchar(255) /*application='BoilerplateRailsApi'*/[0m
  [1m[35m (10.3ms)[0m  [1m[35mALTER TABLE `users` ADD `avatar_url` varchar(255) /*application='BoilerplateRailsApi'*/[0m
  [1m[35m (10.0ms)[0m  [1m[35mALTER TABLE `users` ADD `auth_provider` varchar(255) /*application='BoilerplateRailsApi'*/[0m
  [1m[35m (10.3ms)[0m  [1m[35mCREATE UNIQUE INDEX `index_users_on_google_uid` ON `users` (`google_uid`) /*application='BoilerplateRailsApi'*/[0m
  [1m[36mActiveRecord::SchemaMigration Create (0.8ms)[0m  [1m[32mINSERT INTO `schema_migrations` (`version`) VALUES ('8') RETURNING `version` /*application='BoilerplateRailsApi'*/[0m
  [1m[35mSQL (0.3ms)[0m  [1m[34mSELECT RELEASE_LOCK('4704431164495240185') /*application='BoilerplateRailsApi'*/[0m
  [1m[36mActiveRecord::SchemaMigration Load (0.8ms)[0m  [1m[34mSELECT `schema_migrations`.`version` FROM `schema_migrations` ORDER BY `schema_migrations`.`version` ASC /*application='BoilerplateRailsApi'*/[0m
  [1m[36mActiveRecord::SchemaMigration Load (0.7ms)[0m  [1m[34mSELECT `schema_migrations`.`version` FROM `schema_migrations` ORDER BY `schema_migrations`.`version` ASC /*application='BoilerplateRailsApi'*/[0m
Started POST "/auth/google_oauth2" for 127.0.0.1 at 2026-03-21 15:05:16 +0000
  [1m[36mActiveRecord::SchemaMigration Load (4.9ms)[0m  [1m[34mSELECT `schema_migrations`.`version` FROM `schema_migrations` ORDER BY `schema_migrations`.`version` ASC /*application='BoilerplateRailsApi'*/[0m
(google_oauth2) Request phase initiated.
(google_oauth2) Authentication failure! ActionController::InvalidAuthenticityToken: ActionController::InvalidAuthenticityToken, ActionController::InvalidAuthenticityToken
  
ActionController::InvalidAuthenticityToken (ActionController::InvalidAuthenticityToken):
  
omniauth-rails_csrf_protection (2.0.1) lib/omniauth/rails_csrf_protection/token_verifier.rb:62:in `_call'
omniauth-rails_csrf_protection (2.0.1) lib/omniauth/rails_csrf_protection/token_verifier.rb:55:in `call'
omniauth (2.1.4) lib/omniauth/strategy.rb:240:in `request_call'
omniauth (2.1.4) lib/omniauth/strategy.rb:193:in `call!'
omniauth (2.1.4) lib/omniauth/strategy.rb:169:in `call'
omniauth (2.1.4) lib/omniauth/builder.rb:48:in `call'
rack-session (2.1.1) lib/rack/session/abstract/id.rb:274:in `context'
rack-session (2.1.1) lib/rack/session/abstract/id.rb:268:in `call'
actionpack (8.0.4) lib/action_dispatch/middleware/cookies.rb:706:in `call'
rack (3.2.5) lib/rack/etag.rb:29:in `call'
rack (3.2.5) lib/rack/conditional_get.rb:44:in `call'
rack (3.2.5) lib/rack/head.rb:15:in `call'
activerecord (8.0.4) lib/active_record/migration.rb:670:in `call'
actionpack (8.0.4) lib/action_dispatch/middleware/callbacks.rb:31:in `block in call'
activesupport (8.0.4) lib/active_support/callbacks.rb:100:in `run_callbacks'
actionpack (8.0.4) lib/action_dispatch/middleware/callbacks.rb:30:in `call'
actionpack (8.0.4) lib/action_dispatch/middleware/executor.rb:16:in `call'
actionpack (8.0.4) lib/action_dispatch/middleware/actionable_exceptions.rb:18:in `call'
actionpack (8.0.4) lib/action_dispatch/middleware/debug_exceptions.rb:31:in `call'
actionpack (8.0.4) lib/action_dispatch/middleware/show_exceptions.rb:32:in `call'
railties (8.0.4) lib/rails/rack/logger.rb:41:in `call_app'
railties (8.0.4) lib/rails/rack/logger.rb:29:in `call'
actionpack (8.0.4) lib/action_dispatch/middleware/remote_ip.rb:96:in `call'
actionpack (8.0.4) lib/action_dispatch/middleware/request_id.rb:34:in `call'
rack (3.2.5) lib/rack/runtime.rb:24:in `call'
actionpack (8.0.4) lib/action_dispatch/middleware/server_timing.rb:61:in `block in call'
actionpack (8.0.4) lib/action_dispatch/middleware/server_timing.rb:26:in `collect_events'
actionpack (8.0.4) lib/action_dispatch/middleware/server_timing.rb:60:in `call'
actionpack (8.0.4) lib/action_dispatch/middleware/executor.rb:16:in `call'
actionpack (8.0.4) lib/action_dispatch/middleware/static.rb:27:in `call'
rack (3.2.5) lib/rack/sendfile.rb:131:in `call'
actionpack (8.0.4) lib/action_dispatch/middleware/host_authorization.rb:143:in `call'
rack-cors (3.0.0) lib/rack/cors.rb:102:in `call'
railties (8.0.4) lib/rails/engine.rb:535:in `call'
puma (7.2.0) lib/puma/configuration.rb:296:in `call'
puma (7.2.0) lib/puma/request.rb:103:in `block in handle_request'
puma (7.2.0) lib/puma/thread_pool.rb:355:in `with_force_shutdown'
puma (7.2.0) lib/puma/request.rb:102:in `handle_request'
puma (7.2.0) lib/puma/server.rb:503:in `process_client'
puma (7.2.0) lib/puma/server.rb:262:in `block in run'
puma (7.2.0) lib/puma/thread_pool.rb:182:in `block in spawn_thread'
  [1m[36mActiveRecord::SchemaMigration Load (6.4ms)[0m  [1m[34mSELECT `schema_migrations`.`version` FROM `schema_migrations` ORDER BY `schema_migrations`.`version` ASC /*application='BoilerplateRailsApi'*/[0m
  [1m[36mActiveRecord::SchemaMigration Load (1.6ms)[0m  [1m[34mSELECT `schema_migrations`.`version` FROM `schema_migrations` ORDER BY `schema_migrations`.`version` ASC /*application='BoilerplateRailsApi'*/[0m
Started GET "/api/v1/auth/google" for 127.0.0.1 at 2026-03-21 15:06:03 +0000
  [1m[36mActiveRecord::SchemaMigration Load (2.4ms)[0m  [1m[34mSELECT `schema_migrations`.`version` FROM `schema_migrations` ORDER BY `schema_migrations`.`version` ASC /*application='BoilerplateRailsApi'*/[0m
Redirected to http://127.0.0.1:3000/auth/google_oauth2
Completed 301 Moved Permanently in 5ms


Started GET "/auth/google_oauth2" for 127.0.0.1 at 2026-03-21 15:06:08 +0000
(google_oauth2) Request phase initiated.
Started GET "/api/v1/auth/google" for 192.168.65.1 at 2026-03-21 15:07:06 +0000
Redirected to http://localhost:3000/auth/google_oauth2
Completed 301 Moved Permanently in 6ms


Started GET "/auth/google_oauth2" for 192.168.65.1 at 2026-03-21 15:07:06 +0000
(google_oauth2) Request phase initiated.
Started GET "/api/v1/auth/google" for 192.168.65.1 at 2026-03-21 15:07:23 +0000
Redirected to http://localhost:3000/auth/google_oauth2
Completed 301 Moved Permanently in 1ms


Started GET "/auth/google_oauth2" for 192.168.65.1 at 2026-03-21 15:07:23 +0000
(google_oauth2) Request phase initiated.
Started GET "/api/v1/auth/google" for 192.168.65.1 at 2026-03-21 15:09:57 +0000
Redirected to http://localhost:3000/auth/google_oauth2
Completed 301 Moved Permanently in 3ms


Started GET "/auth/google_oauth2" for 192.168.65.1 at 2026-03-21 15:09:57 +0000
(google_oauth2) Request phase initiated.
Started GET "/auth/google_oauth2/callback?state=37eb0c12f6c45201aa942a756468888c640b4d544185222b&iss=https%3A%2F%2Faccounts.google.com&code=4%2F0AfrIepAy4IbsZsV2BGB5BSabiBbG2TbWgJ4fJPm-Jg8Fzw8p16jOfjvP8u3wRnD2Q4u7sw&scope=email+profile+https%3A%2F%2Fwww.googleapis.com%2Fauth%2Fuserinfo.profile+https%3A%2F%2Fwww.googleapis.com%2Fauth%2Fuserinfo.email+openid&authuser=0&hd=cincoveinticinco.com&prompt=consent" for 192.168.65.1 at 2026-03-21 15:10:06 +0000
(google_oauth2) Callback phase initiated.
(google_oauth2) Authentication failure! invalid_credentials: OAuth2::Error, invalid_client: Unauthorized
{
  "error": "invalid_client",
  "error_description": "Unauthorized"
}
(google_oauth2) Authentication failure! invalid_client: Unauthorized
{
  "error": "invalid_client",
  "error_description": "Unauthorized"
}: OAuth2::Error, invalid_client: Unauthorized
{
  "error": "invalid_client",
  "error_description": "Unauthorized"
}
  
OAuth2::Error (invalid_client: Unauthorized
{
  "error": "invalid_client",
  "error_description": "Unauthorized"
}):
  
oauth2 (2.0.18) lib/oauth2/client.rb:174:in `request'
oauth2 (2.0.18) lib/oauth2/client.rb:212:in `get_token'
oauth2 (2.0.18) lib/oauth2/strategy/auth_code.rb:47:in `get_token'
omniauth-google-oauth2 (1.2.2) lib/omniauth/strategies/google_oauth2.rb:140:in `client_get_token'
omniauth-google-oauth2 (1.2.2) lib/omniauth/strategies/google_oauth2.rb:118:in `get_access_token'
omniauth-google-oauth2 (1.2.2) lib/omniauth/strategies/google_oauth2.rb:93:in `custom_build_access_token'
omniauth-oauth2 (1.9.0) lib/omniauth/strategies/oauth2.rb:91:in `callback_phase'
omniauth (2.1.4) lib/omniauth/strategy.rb:275:in `callback_call'
omniauth (2.1.4) lib/omniauth/strategy.rb:194:in `call!'
omniauth (2.1.4) lib/omniauth/strategy.rb:169:in `call'
omniauth (2.1.4) lib/omniauth/builder.rb:48:in `call'
rack-session (2.1.1) lib/rack/session/abstract/id.rb:274:in `context'
rack-session (2.1.1) lib/rack/session/abstract/id.rb:268:in `call'
actionpack (8.0.4) lib/action_dispatch/middleware/cookies.rb:706:in `call'
rack (3.2.5) lib/rack/etag.rb:29:in `call'
rack (3.2.5) lib/rack/conditional_get.rb:31:in `call'
rack (3.2.5) lib/rack/head.rb:15:in `call'
activerecord (8.0.4) lib/active_record/migration.rb:670:in `call'
actionpack (8.0.4) lib/action_dispatch/middleware/callbacks.rb:31:in `block in call'
activesupport (8.0.4) lib/active_support/callbacks.rb:100:in `run_callbacks'
actionpack (8.0.4) lib/action_dispatch/middleware/callbacks.rb:30:in `call'
actionpack (8.0.4) lib/action_dispatch/middleware/executor.rb:16:in `call'
actionpack (8.0.4) lib/action_dispatch/middleware/actionable_exceptions.rb:18:in `call'
actionpack (8.0.4) lib/action_dispatch/middleware/debug_exceptions.rb:31:in `call'
actionpack (8.0.4) lib/action_dispatch/middleware/show_exceptions.rb:32:in `call'
railties (8.0.4) lib/rails/rack/logger.rb:41:in `call_app'
railties (8.0.4) lib/rails/rack/logger.rb:29:in `call'
actionpack (8.0.4) lib/action_dispatch/middleware/remote_ip.rb:96:in `call'
actionpack (8.0.4) lib/action_dispatch/middleware/request_id.rb:34:in `call'
rack (3.2.5) lib/rack/runtime.rb:24:in `call'
actionpack (8.0.4) lib/action_dispatch/middleware/server_timing.rb:61:in `block in call'
actionpack (8.0.4) lib/action_dispatch/middleware/server_timing.rb:26:in `collect_events'
actionpack (8.0.4) lib/action_dispatch/middleware/server_timing.rb:60:in `call'
actionpack (8.0.4) lib/action_dispatch/middleware/executor.rb:16:in `call'
actionpack (8.0.4) lib/action_dispatch/middleware/static.rb:27:in `call'
rack (3.2.5) lib/rack/sendfile.rb:131:in `call'
actionpack (8.0.4) lib/action_dispatch/middleware/host_authorization.rb:143:in `call'
rack-cors (3.0.0) lib/rack/cors.rb:102:in `call'
railties (8.0.4) lib/rails/engine.rb:535:in `call'
puma (7.2.0) lib/puma/configuration.rb:296:in `call'
puma (7.2.0) lib/puma/request.rb:103:in `block in handle_request'
puma (7.2.0) lib/puma/thread_pool.rb:355:in `with_force_shutdown'
puma (7.2.0) lib/puma/request.rb:102:in `handle_request'
puma (7.2.0) lib/puma/server.rb:503:in `process_client'
puma (7.2.0) lib/puma/server.rb:262:in `block in run'
puma (7.2.0) lib/puma/thread_pool.rb:182:in `block in spawn_thread'
  [1m[36mActiveRecord::SchemaMigration Load (7.3ms)[0m  [1m[34mSELECT `schema_migrations`.`version` FROM `schema_migrations` ORDER BY `schema_migrations`.`version` ASC /*application='BoilerplateRailsApi'*/[0m
  [1m[36mActiveRecord::SchemaMigration Load (0.5ms)[0m  [1m[34mSELECT `schema_migrations`.`version` FROM `schema_migrations` ORDER BY `schema_migrations`.`version` ASC /*application='BoilerplateRailsApi'*/[0m
  [1m[36mActiveRecord::SchemaMigration Load (1.7ms)[0m  [1m[34mSELECT `schema_migrations`.`version` FROM `schema_migrations` ORDER BY `schema_migrations`.`version` ASC /*application='BoilerplateRailsApi'*/[0m
  [1m[36mActiveRecord::SchemaMigration Load (0.6ms)[0m  [1m[34mSELECT `schema_migrations`.`version` FROM `schema_migrations` ORDER BY `schema_migrations`.`version` ASC /*application='BoilerplateRailsApi'*/[0m
Started GET "/auth/google_oauth2/callback?state=37eb0c12f6c45201aa942a756468888c640b4d544185222b&iss=https%3A%2F%2Faccounts.google.com&code=4%2F0AfrIepAy4IbsZsV2BGB5BSabiBbG2TbWgJ4fJPm-Jg8Fzw8p16jOfjvP8u3wRnD2Q4u7sw&scope=email+profile+https%3A%2F%2Fwww.googleapis.com%2Fauth%2Fuserinfo.profile+https%3A%2F%2Fwww.googleapis.com%2Fauth%2Fuserinfo.email+openid&authuser=0&hd=cincoveinticinco.com&prompt=consent" for 192.168.65.1 at 2026-03-21 15:14:09 +0000
  [1m[36mActiveRecord::SchemaMigration Load (1.1ms)[0m  [1m[34mSELECT `schema_migrations`.`version` FROM `schema_migrations` ORDER BY `schema_migrations`.`version` ASC /*application='BoilerplateRailsApi'*/[0m
(google_oauth2) Callback phase initiated.
Processing by Api::V1::OauthController#google_callback as HTML
  Parameters: {"state"=>"37eb0c12f6c45201aa942a756468888c640b4d544185222b", "iss"=>"https://accounts.google.com", "code"=>"4/0AfrIepAy4IbsZsV2BGB5BSabiBbG2TbWgJ4fJPm-Jg8Fzw8p16jOfjvP8u3wRnD2Q4u7sw", "scope"=>"email profile https://www.googleapis.com/auth/userinfo.profile https://www.googleapis.com/auth/userinfo.email openid", "authuser"=>"0", "hd"=>"cincoveinticinco.com", "prompt"=>"consent"}
  [1m[36mUser Load (22.2ms)[0m  [1m[34mSELECT `users`.* FROM `users` WHERE `users`.`google_uid` = '103522933956856340115' LIMIT 1 /*action='google_callback',application='BoilerplateRailsApi',controller='oauth'*/[0m
  ↳ app/domains/auth/repositories/user_repository.rb:23:in `find_or_create_from_google'
  [1m[36mUser Load (5.1ms)[0m  [1m[34mSELECT `users`.* FROM `users` WHERE `users`.`email` = 'daniel.c@cincoveinticinco.com' LIMIT 1 /*action='google_callback',application='BoilerplateRailsApi',controller='oauth'*/[0m
  ↳ app/domains/auth/repositories/user_repository.rb:26:in `find_or_create_from_google'
  [1m[36mTRANSACTION (2.3ms)[0m  [1m[35mBEGIN /*action='google_callback',application='BoilerplateRailsApi',controller='oauth'*/[0m
  ↳ app/domains/auth/repositories/user_repository.rb:35:in `find_or_create_from_google'
  [1m[36mUser Exists? (14.1ms)[0m  [1m[34mSELECT 1 AS one FROM `users` WHERE `users`.`email` = 'daniel.c@cincoveinticinco.com' LIMIT 1 /*action='google_callback',application='BoilerplateRailsApi',controller='oauth'*/[0m
  ↳ app/domains/auth/repositories/user_repository.rb:35:in `find_or_create_from_google'
  [1m[36mUser Create (23.4ms)[0m  [1m[32mINSERT INTO `users` (`email`, `encrypted_password`, `name`, `refresh_token_hash`, `refresh_token_expires_at`, `confirmed_at`, `created_at`, `updated_at`, `super_admin`, `google_uid`, `avatar_url`, `auth_provider`) VALUES ('daniel.c@cincoveinticinco.com', NULL, 'Daniel Carrera', NULL, NULL, '2026-03-21 15:14:11.133500', '2026-03-21 15:14:11.207614', '2026-03-21 15:14:11.207614', FALSE, '103522933956856340115', 'https://lh3.googleusercontent.com/a/ACg8ocI34k_X6jocBQOv0X44VMbcVUBMFlCAQsBGJcy4emX3nbdQqbg=s200-c', 'google') RETURNING `id` /*action='google_callback',application='BoilerplateRailsApi',controller='oauth'*/[0m
  ↳ app/domains/auth/repositories/user_repository.rb:35:in `find_or_create_from_google'
  [1m[36mTRANSACTION (1.2ms)[0m  [1m[31mROLLBACK /*action='google_callback',application='BoilerplateRailsApi',controller='oauth'*/[0m
  ↳ app/domains/auth/repositories/user_repository.rb:35:in `find_or_create_from_google'
OAuth error: Mysql2::Error: Column 'encrypted_password' cannot be null
Redirected to http://localhost:5173/auth/callback?error=server_error
Completed 302 Found in 486ms (ActiveRecord: 111.1ms (4 queries, 0 cached) | GC: 34.9ms)


Started POST "/auth/google_oauth2" for 192.168.65.1 at 2026-03-21 15:14:18 +0000
(google_oauth2) Request phase initiated.
(google_oauth2) Authentication failure! ActionController::InvalidAuthenticityToken: ActionController::InvalidAuthenticityToken, ActionController::InvalidAuthenticityToken
  
ActionController::InvalidAuthenticityToken (ActionController::InvalidAuthenticityToken):
  
omniauth-rails_csrf_protection (2.0.1) lib/omniauth/rails_csrf_protection/token_verifier.rb:62:in `_call'
omniauth-rails_csrf_protection (2.0.1) lib/omniauth/rails_csrf_protection/token_verifier.rb:55:in `call'
omniauth (2.1.4) lib/omniauth/strategy.rb:240:in `request_call'
omniauth (2.1.4) lib/omniauth/strategy.rb:193:in `call!'
omniauth (2.1.4) lib/omniauth/strategy.rb:169:in `call'
omniauth (2.1.4) lib/omniauth/builder.rb:48:in `call'
rack-session (2.1.1) lib/rack/session/abstract/id.rb:274:in `context'
rack-session (2.1.1) lib/rack/session/abstract/id.rb:268:in `call'
actionpack (8.0.4) lib/action_dispatch/middleware/cookies.rb:706:in `call'
rack (3.2.5) lib/rack/etag.rb:29:in `call'
rack (3.2.5) lib/rack/conditional_get.rb:44:in `call'
rack (3.2.5) lib/rack/head.rb:15:in `call'
activerecord (8.0.4) lib/active_record/migration.rb:670:in `call'
actionpack (8.0.4) lib/action_dispatch/middleware/callbacks.rb:31:in `block in call'
activesupport (8.0.4) lib/active_support/callbacks.rb:100:in `run_callbacks'
actionpack (8.0.4) lib/action_dispatch/middleware/callbacks.rb:30:in `call'
actionpack (8.0.4) lib/action_dispatch/middleware/executor.rb:16:in `call'
actionpack (8.0.4) lib/action_dispatch/middleware/actionable_exceptions.rb:18:in `call'
actionpack (8.0.4) lib/action_dispatch/middleware/debug_exceptions.rb:31:in `call'
actionpack (8.0.4) lib/action_dispatch/middleware/show_exceptions.rb:32:in `call'
railties (8.0.4) lib/rails/rack/logger.rb:41:in `call_app'
railties (8.0.4) lib/rails/rack/logger.rb:29:in `call'
actionpack (8.0.4) lib/action_dispatch/middleware/remote_ip.rb:96:in `call'
actionpack (8.0.4) lib/action_dispatch/middleware/request_id.rb:34:in `call'
rack (3.2.5) lib/rack/runtime.rb:24:in `call'
actionpack (8.0.4) lib/action_dispatch/middleware/server_timing.rb:61:in `block in call'
actionpack (8.0.4) lib/action_dispatch/middleware/server_timing.rb:26:in `collect_events'
actionpack (8.0.4) lib/action_dispatch/middleware/server_timing.rb:60:in `call'
actionpack (8.0.4) lib/action_dispatch/middleware/executor.rb:16:in `call'
actionpack (8.0.4) lib/action_dispatch/middleware/static.rb:27:in `call'
rack (3.2.5) lib/rack/sendfile.rb:131:in `call'
actionpack (8.0.4) lib/action_dispatch/middleware/host_authorization.rb:143:in `call'
rack-cors (3.0.0) lib/rack/cors.rb:102:in `call'
railties (8.0.4) lib/rails/engine.rb:535:in `call'
puma (7.2.0) lib/puma/configuration.rb:296:in `call'
puma (7.2.0) lib/puma/request.rb:103:in `block in handle_request'
puma (7.2.0) lib/puma/thread_pool.rb:355:in `with_force_shutdown'
puma (7.2.0) lib/puma/request.rb:102:in `handle_request'
puma (7.2.0) lib/puma/server.rb:503:in `process_client'
puma (7.2.0) lib/puma/server.rb:262:in `block in run'
puma (7.2.0) lib/puma/thread_pool.rb:182:in `block in spawn_thread'
Started GET "/api/v1/forms/login-form" for 192.168.65.1 at 2026-03-21 15:14:22 +0000
  
ActionController::RoutingError (No route matches [GET] "/api/v1/forms/login-form"):
  
Started GET "/api/v1/forms/login-form" for 192.168.65.1 at 2026-03-21 15:14:22 +0000
  
ActionController::RoutingError (No route matches [GET] "/api/v1/forms/login-form"):
  
Started POST "/auth/google_oauth2" for 192.168.65.1 at 2026-03-21 15:14:24 +0000
(google_oauth2) Request phase initiated.
(google_oauth2) Authentication failure! ActionController::InvalidAuthenticityToken: ActionController::InvalidAuthenticityToken, ActionController::InvalidAuthenticityToken
  
ActionController::InvalidAuthenticityToken (ActionController::InvalidAuthenticityToken):
  
omniauth-rails_csrf_protection (2.0.1) lib/omniauth/rails_csrf_protection/token_verifier.rb:62:in `_call'
omniauth-rails_csrf_protection (2.0.1) lib/omniauth/rails_csrf_protection/token_verifier.rb:55:in `call'
omniauth (2.1.4) lib/omniauth/strategy.rb:240:in `request_call'
omniauth (2.1.4) lib/omniauth/strategy.rb:193:in `call!'
omniauth (2.1.4) lib/omniauth/strategy.rb:169:in `call'
omniauth (2.1.4) lib/omniauth/builder.rb:48:in `call'
rack-session (2.1.1) lib/rack/session/abstract/id.rb:274:in `context'
rack-session (2.1.1) lib/rack/session/abstract/id.rb:268:in `call'
actionpack (8.0.4) lib/action_dispatch/middleware/cookies.rb:706:in `call'
rack (3.2.5) lib/rack/etag.rb:29:in `call'
rack (3.2.5) lib/rack/conditional_get.rb:44:in `call'
rack (3.2.5) lib/rack/head.rb:15:in `call'
activerecord (8.0.4) lib/active_record/migration.rb:670:in `call'
actionpack (8.0.4) lib/action_dispatch/middleware/callbacks.rb:31:in `block in call'
activesupport (8.0.4) lib/active_support/callbacks.rb:100:in `run_callbacks'
actionpack (8.0.4) lib/action_dispatch/middleware/callbacks.rb:30:in `call'
actionpack (8.0.4) lib/action_dispatch/middleware/executor.rb:16:in `call'
actionpack (8.0.4) lib/action_dispatch/middleware/actionable_exceptions.rb:18:in `call'
actionpack (8.0.4) lib/action_dispatch/middleware/debug_exceptions.rb:31:in `call'
actionpack (8.0.4) lib/action_dispatch/middleware/show_exceptions.rb:32:in `call'
railties (8.0.4) lib/rails/rack/logger.rb:41:in `call_app'
railties (8.0.4) lib/rails/rack/logger.rb:29:in `call'
actionpack (8.0.4) lib/action_dispatch/middleware/remote_ip.rb:96:in `call'
actionpack (8.0.4) lib/action_dispatch/middleware/request_id.rb:34:in `call'
rack (3.2.5) lib/rack/runtime.rb:24:in `call'
actionpack (8.0.4) lib/action_dispatch/middleware/server_timing.rb:61:in `block in call'
actionpack (8.0.4) lib/action_dispatch/middleware/server_timing.rb:26:in `collect_events'
actionpack (8.0.4) lib/action_dispatch/middleware/server_timing.rb:60:in `call'
actionpack (8.0.4) lib/action_dispatch/middleware/executor.rb:16:in `call'
actionpack (8.0.4) lib/action_dispatch/middleware/static.rb:27:in `call'
rack (3.2.5) lib/rack/sendfile.rb:131:in `call'
actionpack (8.0.4) lib/action_dispatch/middleware/host_authorization.rb:143:in `call'
rack-cors (3.0.0) lib/rack/cors.rb:102:in `call'
railties (8.0.4) lib/rails/engine.rb:535:in `call'
puma (7.2.0) lib/puma/configuration.rb:296:in `call'
puma (7.2.0) lib/puma/request.rb:103:in `block in handle_request'
puma (7.2.0) lib/puma/thread_pool.rb:355:in `with_force_shutdown'
puma (7.2.0) lib/puma/request.rb:102:in `handle_request'
puma (7.2.0) lib/puma/server.rb:503:in `process_client'
puma (7.2.0) lib/puma/server.rb:262:in `block in run'
puma (7.2.0) lib/puma/thread_pool.rb:182:in `block in spawn_thread'
Started GET "/api/v1/forms/login-form" for 192.168.65.1 at 2026-03-21 15:14:28 +0000
  
ActionController::RoutingError (No route matches [GET] "/api/v1/forms/login-form"):
  
Started GET "/api/v1/forms/login-form" for 192.168.65.1 at 2026-03-21 15:14:28 +0000
  
ActionController::RoutingError (No route matches [GET] "/api/v1/forms/login-form"):
  
Started GET "/api/v1/forms/login-form" for 192.168.65.1 at 2026-03-21 15:14:39 +0000
  
ActionController::RoutingError (No route matches [GET] "/api/v1/forms/login-form"):
  
Started GET "/api/v1/forms/login-form" for 192.168.65.1 at 2026-03-21 15:14:40 +0000
  
ActionController::RoutingError (No route matches [GET] "/api/v1/forms/login-form"):
  
Started POST "/auth/google_oauth2" for 192.168.65.1 at 2026-03-21 15:14:43 +0000
(google_oauth2) Request phase initiated.
(google_oauth2) Authentication failure! ActionController::InvalidAuthenticityToken: ActionController::InvalidAuthenticityToken, ActionController::InvalidAuthenticityToken
  
ActionController::InvalidAuthenticityToken (ActionController::InvalidAuthenticityToken):
  
omniauth-rails_csrf_protection (2.0.1) lib/omniauth/rails_csrf_protection/token_verifier.rb:62:in `_call'
omniauth-rails_csrf_protection (2.0.1) lib/omniauth/rails_csrf_protection/token_verifier.rb:55:in `call'
omniauth (2.1.4) lib/omniauth/strategy.rb:240:in `request_call'
omniauth (2.1.4) lib/omniauth/strategy.rb:193:in `call!'
omniauth (2.1.4) lib/omniauth/strategy.rb:169:in `call'
omniauth (2.1.4) lib/omniauth/builder.rb:48:in `call'
rack-session (2.1.1) lib/rack/session/abstract/id.rb:274:in `context'
rack-session (2.1.1) lib/rack/session/abstract/id.rb:268:in `call'
actionpack (8.0.4) lib/action_dispatch/middleware/cookies.rb:706:in `call'
rack (3.2.5) lib/rack/etag.rb:29:in `call'
rack (3.2.5) lib/rack/conditional_get.rb:44:in `call'
rack (3.2.5) lib/rack/head.rb:15:in `call'
activerecord (8.0.4) lib/active_record/migration.rb:670:in `call'
actionpack (8.0.4) lib/action_dispatch/middleware/callbacks.rb:31:in `block in call'
activesupport (8.0.4) lib/active_support/callbacks.rb:100:in `run_callbacks'
actionpack (8.0.4) lib/action_dispatch/middleware/callbacks.rb:30:in `call'
actionpack (8.0.4) lib/action_dispatch/middleware/executor.rb:16:in `call'
actionpack (8.0.4) lib/action_dispatch/middleware/actionable_exceptions.rb:18:in `call'
actionpack (8.0.4) lib/action_dispatch/middleware/debug_exceptions.rb:31:in `call'
actionpack (8.0.4) lib/action_dispatch/middleware/show_exceptions.rb:32:in `call'
railties (8.0.4) lib/rails/rack/logger.rb:41:in `call_app'
railties (8.0.4) lib/rails/rack/logger.rb:29:in `call'
actionpack (8.0.4) lib/action_dispatch/middleware/remote_ip.rb:96:in `call'
actionpack (8.0.4) lib/action_dispatch/middleware/request_id.rb:34:in `call'
rack (3.2.5) lib/rack/runtime.rb:24:in `call'
actionpack (8.0.4) lib/action_dispatch/middleware/server_timing.rb:61:in `block in call'
actionpack (8.0.4) lib/action_dispatch/middleware/server_timing.rb:26:in `collect_events'
actionpack (8.0.4) lib/action_dispatch/middleware/server_timing.rb:60:in `call'
actionpack (8.0.4) lib/action_dispatch/middleware/executor.rb:16:in `call'
actionpack (8.0.4) lib/action_dispatch/middleware/static.rb:27:in `call'
rack (3.2.5) lib/rack/sendfile.rb:131:in `call'
actionpack (8.0.4) lib/action_dispatch/middleware/host_authorization.rb:143:in `call'
rack-cors (3.0.0) lib/rack/cors.rb:102:in `call'
railties (8.0.4) lib/rails/engine.rb:535:in `call'
puma (7.2.0) lib/puma/configuration.rb:296:in `call'
puma (7.2.0) lib/puma/request.rb:103:in `block in handle_request'
puma (7.2.0) lib/puma/thread_pool.rb:355:in `with_force_shutdown'
puma (7.2.0) lib/puma/request.rb:102:in `handle_request'
puma (7.2.0) lib/puma/server.rb:503:in `process_client'
puma (7.2.0) lib/puma/server.rb:262:in `block in run'
puma (7.2.0) lib/puma/thread_pool.rb:182:in `block in spawn_thread'
Started GET "/api/v1/forms/login-form" for 192.168.65.1 at 2026-03-21 15:17:02 +0000
  
ActionController::RoutingError (No route matches [GET] "/api/v1/forms/login-form"):
  
Started GET "/api/v1/forms/login-form" for 192.168.65.1 at 2026-03-21 15:17:03 +0000
  
ActionController::RoutingError (No route matches [GET] "/api/v1/forms/login-form"):
  
Started GET "/api/v1/auth/google" for 192.168.65.1 at 2026-03-21 15:17:09 +0000
Redirected to http://localhost:3000/auth/google_oauth2
Completed 301 Moved Permanently in 20ms


Started GET "/auth/google_oauth2" for 192.168.65.1 at 2026-03-21 15:17:09 +0000
(google_oauth2) Request phase initiated.
Started GET "/auth/google_oauth2/callback?state=e4322b0b69f83b1f53a0fbbaffe517b6a9d1243d54d5e7a2&iss=https%3A%2F%2Faccounts.google.com&code=4%2F0AfrIepD4GfAlTaIxHm2PwDjfUpJkmtLEAi-a7CLQzdKBLS_y_QOTzZChmGFwjDGAEmWwpQ&scope=email+profile+https%3A%2F%2Fwww.googleapis.com%2Fauth%2Fuserinfo.profile+https%3A%2F%2Fwww.googleapis.com%2Fauth%2Fuserinfo.email+openid&authuser=0&prompt=consent" for 192.168.65.1 at 2026-03-21 15:17:15 +0000
(google_oauth2) Callback phase initiated.
Processing by Api::V1::OauthController#google_callback as HTML
  Parameters: {"state"=>"e4322b0b69f83b1f53a0fbbaffe517b6a9d1243d54d5e7a2", "iss"=>"https://accounts.google.com", "code"=>"4/0AfrIepD4GfAlTaIxHm2PwDjfUpJkmtLEAi-a7CLQzdKBLS_y_QOTzZChmGFwjDGAEmWwpQ", "scope"=>"email profile https://www.googleapis.com/auth/userinfo.profile https://www.googleapis.com/auth/userinfo.email openid", "authuser"=>"0", "prompt"=>"consent"}
  [1m[36mUser Load (44.5ms)[0m  [1m[34mSELECT `users`.* FROM `users` WHERE `users`.`google_uid` = '116376277381404907440' LIMIT 1 /*action='google_callback',application='BoilerplateRailsApi',controller='oauth'*/[0m
  ↳ app/domains/auth/repositories/user_repository.rb:23:in `find_or_create_from_google'
  [1m[36mUser Load (3.6ms)[0m  [1m[34mSELECT `users`.* FROM `users` WHERE `users`.`email` = 'carreraprogrammer@gmail.com' LIMIT 1 /*action='google_callback',application='BoilerplateRailsApi',controller='oauth'*/[0m
  ↳ app/domains/auth/repositories/user_repository.rb:26:in `find_or_create_from_google'
  [1m[36mTRANSACTION (1.2ms)[0m  [1m[35mBEGIN /*action='google_callback',application='BoilerplateRailsApi',controller='oauth'*/[0m
  ↳ app/domains/auth/repositories/user_repository.rb:35:in `find_or_create_from_google'
  [1m[36mUser Exists? (6.0ms)[0m  [1m[34mSELECT 1 AS one FROM `users` WHERE `users`.`email` = 'carreraprogrammer@gmail.com' LIMIT 1 /*action='google_callback',application='BoilerplateRailsApi',controller='oauth'*/[0m
  ↳ app/domains/auth/repositories/user_repository.rb:35:in `find_or_create_from_google'
  [1m[36mUser Create (8.4ms)[0m  [1m[32mINSERT INTO `users` (`email`, `encrypted_password`, `name`, `refresh_token_hash`, `refresh_token_expires_at`, `confirmed_at`, `created_at`, `updated_at`, `super_admin`, `google_uid`, `avatar_url`, `auth_provider`) VALUES ('carreraprogrammer@gmail.com', NULL, 'Daniel Carrera', NULL, NULL, '2026-03-21 15:17:16.630321', '2026-03-21 15:17:16.704046', '2026-03-21 15:17:16.704046', FALSE, '116376277381404907440', 'https://lh3.googleusercontent.com/a/ACg8ocIqxCXbm4zpehQcxbMdIGAh-f9P4CktwEpY6AQB1IbXbgdXFcg=s200-c', 'google') RETURNING `id` /*action='google_callback',application='BoilerplateRailsApi',controller='oauth'*/[0m
  ↳ app/domains/auth/repositories/user_repository.rb:35:in `find_or_create_from_google'
  [1m[36mTRANSACTION (0.7ms)[0m  [1m[31mROLLBACK /*action='google_callback',application='BoilerplateRailsApi',controller='oauth'*/[0m
  ↳ app/domains/auth/repositories/user_repository.rb:35:in `find_or_create_from_google'
OAuth error: Mysql2::Error: Column 'encrypted_password' cannot be null
Redirected to http://localhost:5173/auth/callback?error=server_error
Completed 302 Found in 256ms (ActiveRecord: 64.3ms (4 queries, 0 cached) | GC: 0.0ms)


Started GET "/api/v1/forms/login-form" for 192.168.65.1 at 2026-03-21 15:17:17 +0000
  
ActionController::RoutingError (No route matches [GET] "/api/v1/forms/login-form"):
  
Started GET "/api/v1/forms/login-form" for 192.168.65.1 at 2026-03-21 15:17:17 +0000
  
ActionController::RoutingError (No route matches [GET] "/api/v1/forms/login-form"):
  
Started GET "/api/v1/form_schemas/login-form" for 127.0.0.1 at 2026-03-21 15:18:19 +0000
Started GET "/api/v1/forms/login-form" for 127.0.0.1 at 2026-03-21 15:18:19 +0000
  
ActionController::RoutingError (No route matches [GET] "/api/v1/forms/login-form"):
  
Processing by Api::V1::FormsController#show as */*
  Parameters: {"slug"=>"login-form"}
  [1m[36mFormSchema Load (5.6ms)[0m  [1m[34mSELECT `form_schemas`.* FROM `form_schemas` WHERE `form_schemas`.`slug` = 'login-form' AND `form_schemas`.`active` = TRUE LIMIT 1 /*action='show',application='BoilerplateRailsApi',controller='forms'*/[0m
  ↳ app/domains/forms/repositories/form_schema_repository.rb:8:in `find_by_slug'
Completed 404 Not Found in 158ms (Views: 0.8ms | ActiveRecord: 22.2ms (1 query, 0 cached) | GC: 0.0ms)


  [1m[36mActiveRecord::SchemaMigration Load (4.1ms)[0m  [1m[34mSELECT `schema_migrations`.`version` FROM `schema_migrations` ORDER BY `schema_migrations`.`version` ASC /*application='BoilerplateRailsApi'*/[0m
  [1m[36mActiveRecord::SchemaMigration Load (0.8ms)[0m  [1m[34mSELECT `schema_migrations`.`version` FROM `schema_migrations` ORDER BY `schema_migrations`.`version` ASC /*application='BoilerplateRailsApi'*/[0m
Started GET "/api/v1/forms/login-form" for 127.0.0.1 at 2026-03-21 15:19:25 +0000
  [1m[36mActiveRecord::SchemaMigration Load (3.5ms)[0m  [1m[34mSELECT `schema_migrations`.`version` FROM `schema_migrations` ORDER BY `schema_migrations`.`version` ASC /*application='BoilerplateRailsApi'*/[0m
Processing by Api::V1::FormsController#show as */*
  Parameters: {"slug"=>"login-form"}
  [1m[36mFormSchema Load (5.9ms)[0m  [1m[34mSELECT `form_schemas`.* FROM `form_schemas` WHERE `form_schemas`.`slug` = 'login-form' AND `form_schemas`.`active` = TRUE LIMIT 1 /*action='show',application='BoilerplateRailsApi',controller='forms'*/[0m
  ↳ app/domains/forms/repositories/form_schema_repository.rb:8:in `find_by_slug'
Completed 404 Not Found in 174ms (Views: 0.4ms | ActiveRecord: 16.8ms (1 query, 0 cached) | GC: 0.0ms)


  [1m[36mActiveRecord::SchemaMigration Load (5.7ms)[0m  [1m[34mSELECT `schema_migrations`.`version` FROM `schema_migrations` ORDER BY `schema_migrations`.`version` ASC /*application='BoilerplateRailsApi'*/[0m
  [1m[36mActiveRecord::SchemaMigration Load (2.6ms)[0m  [1m[34mSELECT `schema_migrations`.`version` FROM `schema_migrations` ORDER BY `schema_migrations`.`version` ASC /*application='BoilerplateRailsApi'*/[0m
Started GET "/api/v1/auth/google" for 192.168.65.1 at 2026-03-21 15:22:17 +0000
  [1m[36mActiveRecord::SchemaMigration Load (1.5ms)[0m  [1m[34mSELECT `schema_migrations`.`version` FROM `schema_migrations` ORDER BY `schema_migrations`.`version` ASC /*application='BoilerplateRailsApi'*/[0m
Redirected to http://localhost:3000/auth/google_oauth2
Completed 301 Moved Permanently in 4ms


Started GET "/auth/google_oauth2" for 192.168.65.1 at 2026-03-21 15:22:17 +0000
(google_oauth2) Request phase initiated.
Started GET "/auth/google_oauth2/callback?state=7f9e8e558d6302d5837b205b38e135f66e3248850bb5f058&iss=https%3A%2F%2Faccounts.google.com&code=4%2F0AfrIepB53qwDleznX2SpVwk82rKqoVyHAA4Gerl5kc7g5uglZlfUB2g3QkGdG5AeN5jShw&scope=email+profile+https%3A%2F%2Fwww.googleapis.com%2Fauth%2Fuserinfo.email+https%3A%2F%2Fwww.googleapis.com%2Fauth%2Fuserinfo.profile+openid&authuser=0&hd=cincoveinticinco.com&prompt=none" for 192.168.65.1 at 2026-03-21 15:22:21 +0000
(google_oauth2) Callback phase initiated.
Processing by Api::V1::OauthController#google_callback as HTML
  Parameters: {"state"=>"7f9e8e558d6302d5837b205b38e135f66e3248850bb5f058", "iss"=>"https://accounts.google.com", "code"=>"4/0AfrIepB53qwDleznX2SpVwk82rKqoVyHAA4Gerl5kc7g5uglZlfUB2g3QkGdG5AeN5jShw", "scope"=>"email profile https://www.googleapis.com/auth/userinfo.email https://www.googleapis.com/auth/userinfo.profile openid", "authuser"=>"0", "hd"=>"cincoveinticinco.com", "prompt"=>"none"}
  [1m[36mUser Load (9.7ms)[0m  [1m[34mSELECT `users`.* FROM `users` WHERE `users`.`google_uid` = '103522933956856340115' LIMIT 1 /*action='google_callback',application='BoilerplateRailsApi',controller='oauth'*/[0m
  ↳ app/domains/auth/repositories/user_repository.rb:23:in `find_or_create_from_google'
  [1m[36mUser Load (0.7ms)[0m  [1m[34mSELECT `users`.* FROM `users` WHERE `users`.`email` = 'daniel.c@cincoveinticinco.com' LIMIT 1 /*action='google_callback',application='BoilerplateRailsApi',controller='oauth'*/[0m
  ↳ app/domains/auth/repositories/user_repository.rb:26:in `find_or_create_from_google'
  [1m[36mTRANSACTION (1.4ms)[0m  [1m[35mBEGIN /*action='google_callback',application='BoilerplateRailsApi',controller='oauth'*/[0m
  ↳ app/domains/auth/repositories/user_repository.rb:35:in `find_or_create_from_google'
  [1m[36mUser Exists? (12.0ms)[0m  [1m[34mSELECT 1 AS one FROM `users` WHERE `users`.`email` = 'daniel.c@cincoveinticinco.com' LIMIT 1 /*action='google_callback',application='BoilerplateRailsApi',controller='oauth'*/[0m
  ↳ app/domains/auth/repositories/user_repository.rb:35:in `find_or_create_from_google'
  [1m[36mUser Create (2.5ms)[0m  [1m[32mINSERT INTO `users` (`email`, `encrypted_password`, `name`, `refresh_token_hash`, `refresh_token_expires_at`, `confirmed_at`, `created_at`, `updated_at`, `super_admin`, `google_uid`, `avatar_url`, `auth_provider`) VALUES ('daniel.c@cincoveinticinco.com', NULL, 'Daniel Carrera', NULL, NULL, '2026-03-21 15:22:22.520667', '2026-03-21 15:22:22.618087', '2026-03-21 15:22:22.618087', FALSE, '103522933956856340115', 'https://lh3.googleusercontent.com/a/ACg8ocI34k_X6jocBQOv0X44VMbcVUBMFlCAQsBGJcy4emX3nbdQqbg=s200-c', 'google') RETURNING `id` /*action='google_callback',application='BoilerplateRailsApi',controller='oauth'*/[0m
  ↳ app/domains/auth/repositories/user_repository.rb:35:in `find_or_create_from_google'
  [1m[36mTRANSACTION (0.5ms)[0m  [1m[31mROLLBACK /*action='google_callback',application='BoilerplateRailsApi',controller='oauth'*/[0m
  ↳ app/domains/auth/repositories/user_repository.rb:35:in `find_or_create_from_google'
OAuth error: Mysql2::Error: Column 'encrypted_password' cannot be null
Redirected to http://localhost:5173/auth/callback?error=server_error
Completed 302 Found in 321ms (ActiveRecord: 44.7ms (4 queries, 0 cached) | GC: 28.0ms)


Started GET "/api/v1/forms/login-form" for 192.168.65.1 at 2026-03-21 15:22:23 +0000
Processing by Api::V1::FormsController#show as HTML
  Parameters: {"slug"=>"login-form"}
  [1m[36mFormSchema Load (0.9ms)[0m  [1m[34mSELECT `form_schemas`.* FROM `form_schemas` WHERE `form_schemas`.`slug` = 'login-form' AND `form_schemas`.`active` = TRUE LIMIT 1 /*action='show',application='BoilerplateRailsApi',controller='forms'*/[0m
  ↳ app/domains/forms/repositories/form_schema_repository.rb:8:in `find_by_slug'
Completed 404 Not Found in 45ms (Views: 0.6ms | ActiveRecord: 3.4ms (1 query, 0 cached) | GC: 0.5ms)


Started GET "/api/v1/forms/login-form" for 192.168.65.1 at 2026-03-21 15:22:23 +0000
Processing by Api::V1::FormsController#show as HTML
  Parameters: {"slug"=>"login-form"}
  [1m[36mFormSchema Load (1.5ms)[0m  [1m[34mSELECT `form_schemas`.* FROM `form_schemas` WHERE `form_schemas`.`slug` = 'login-form' AND `form_schemas`.`active` = TRUE LIMIT 1 /*action='show',application='BoilerplateRailsApi',controller='forms'*/[0m
  ↳ app/domains/forms/repositories/form_schema_repository.rb:8:in `find_by_slug'
Completed 404 Not Found in 6ms (Views: 0.2ms | ActiveRecord: 1.4ms (1 query, 0 cached) | GC: 0.0ms)


Started GET "/api/v1/forms/login-form" for 192.168.65.1 at 2026-03-21 15:23:01 +0000
Processing by Api::V1::FormsController#show as HTML
  Parameters: {"slug"=>"login-form"}
  [1m[36mFormSchema Load (3.6ms)[0m  [1m[34mSELECT `form_schemas`.* FROM `form_schemas` WHERE `form_schemas`.`slug` = 'login-form' AND `form_schemas`.`active` = TRUE LIMIT 1 /*action='show',application='BoilerplateRailsApi',controller='forms'*/[0m
  ↳ app/domains/forms/repositories/form_schema_repository.rb:8:in `find_by_slug'
Completed 404 Not Found in 15ms (Views: 2.5ms | ActiveRecord: 3.6ms (1 query, 0 cached) | GC: 0.0ms)


Started GET "/api/v1/forms/login-form" for 192.168.65.1 at 2026-03-21 15:23:01 +0000
Processing by Api::V1::FormsController#show as HTML
  Parameters: {"slug"=>"login-form"}
  [1m[36mFormSchema Load (1.3ms)[0m  [1m[34mSELECT `form_schemas`.* FROM `form_schemas` WHERE `form_schemas`.`slug` = 'login-form' AND `form_schemas`.`active` = TRUE LIMIT 1 /*action='show',application='BoilerplateRailsApi',controller='forms'*/[0m
  ↳ app/domains/forms/repositories/form_schema_repository.rb:8:in `find_by_slug'
Completed 404 Not Found in 8ms (Views: 0.2ms | ActiveRecord: 1.3ms (1 query, 0 cached) | GC: 0.5ms)


Started GET "/api/v1/auth/google" for 192.168.65.1 at 2026-03-21 15:23:03 +0000
Redirected to http://localhost:3000/auth/google_oauth2
Completed 301 Moved Permanently in 20ms


Started GET "/auth/google_oauth2" for 192.168.65.1 at 2026-03-21 15:23:03 +0000
(google_oauth2) Request phase initiated.
  [1m[36mActiveRecord::SchemaMigration Load (3.0ms)[0m  [1m[34mSELECT `schema_migrations`.`version` FROM `schema_migrations` ORDER BY `schema_migrations`.`version` ASC /*application='BoilerplateRailsApi'*/[0m
  [1m[36mPermission Load (3.5ms)[0m  [1m[34mSELECT `permissions`.* FROM `permissions` WHERE `permissions`.`resource` = 'users' AND `permissions`.`action` = 'read' LIMIT 1 /*application='BoilerplateRailsApi'*/[0m
  [1m[36mPermission Load (3.8ms)[0m  [1m[34mSELECT `permissions`.* FROM `permissions` WHERE `permissions`.`resource` = 'users' AND `permissions`.`action` = 'create' LIMIT 1 /*application='BoilerplateRailsApi'*/[0m
  [1m[36mPermission Load (0.5ms)[0m  [1m[34mSELECT `permissions`.* FROM `permissions` WHERE `permissions`.`resource` = 'users' AND `permissions`.`action` = 'update' LIMIT 1 /*application='BoilerplateRailsApi'*/[0m
  [1m[36mPermission Load (1.2ms)[0m  [1m[34mSELECT `permissions`.* FROM `permissions` WHERE `permissions`.`resource` = 'users' AND `permissions`.`action` = 'destroy' LIMIT 1 /*application='BoilerplateRailsApi'*/[0m
  [1m[36mPermission Load (1.3ms)[0m  [1m[34mSELECT `permissions`.* FROM `permissions` WHERE `permissions`.`resource` = 'users' AND `permissions`.`action` = 'manage' LIMIT 1 /*application='BoilerplateRailsApi'*/[0m
  [1m[36mPermission Load (0.4ms)[0m  [1m[34mSELECT `permissions`.* FROM `permissions` WHERE `permissions`.`resource` = 'roles' AND `permissions`.`action` = 'read' LIMIT 1 /*application='BoilerplateRailsApi'*/[0m
  [1m[36mPermission Load (0.4ms)[0m  [1m[34mSELECT `permissions`.* FROM `permissions` WHERE `permissions`.`resource` = 'roles' AND `permissions`.`action` = 'create' LIMIT 1 /*application='BoilerplateRailsApi'*/[0m
  [1m[36mPermission Load (0.4ms)[0m  [1m[34mSELECT `permissions`.* FROM `permissions` WHERE `permissions`.`resource` = 'roles' AND `permissions`.`action` = 'update' LIMIT 1 /*application='BoilerplateRailsApi'*/[0m
  [1m[36mPermission Load (0.5ms)[0m  [1m[34mSELECT `permissions`.* FROM `permissions` WHERE `permissions`.`resource` = 'roles' AND `permissions`.`action` = 'destroy' LIMIT 1 /*application='BoilerplateRailsApi'*/[0m
  [1m[36mPermission Load (0.4ms)[0m  [1m[34mSELECT `permissions`.* FROM `permissions` WHERE `permissions`.`resource` = 'permissions' AND `permissions`.`action` = 'read' LIMIT 1 /*application='BoilerplateRailsApi'*/[0m
  [1m[36mPermission Load (2.0ms)[0m  [1m[34mSELECT `permissions`.* FROM `permissions` WHERE `permissions`.`resource` = 'permissions' AND `permissions`.`action` = 'create' LIMIT 1 /*application='BoilerplateRailsApi'*/[0m
  [1m[36mPermission Load (1.0ms)[0m  [1m[34mSELECT `permissions`.* FROM `permissions` WHERE `permissions`.`resource` = 'permissions' AND `permissions`.`action` = 'update' LIMIT 1 /*application='BoilerplateRailsApi'*/[0m
  [1m[36mPermission Load (0.5ms)[0m  [1m[34mSELECT `permissions`.* FROM `permissions` WHERE `permissions`.`resource` = 'permissions' AND `permissions`.`action` = 'destroy' LIMIT 1 /*application='BoilerplateRailsApi'*/[0m
  [1m[36mPermission Load (0.4ms)[0m  [1m[34mSELECT `permissions`.* FROM `permissions` WHERE `permissions`.`resource` = 'form_schemas' AND `permissions`.`action` = 'read' LIMIT 1 /*application='BoilerplateRailsApi'*/[0m
  [1m[36mPermission Load (0.5ms)[0m  [1m[34mSELECT `permissions`.* FROM `permissions` WHERE `permissions`.`resource` = 'form_schemas' AND `permissions`.`action` = 'create' LIMIT 1 /*application='BoilerplateRailsApi'*/[0m
  [1m[36mPermission Load (0.4ms)[0m  [1m[34mSELECT `permissions`.* FROM `permissions` WHERE `permissions`.`resource` = 'form_schemas' AND `permissions`.`action` = 'update' LIMIT 1 /*application='BoilerplateRailsApi'*/[0m
  [1m[36mPermission Load (0.5ms)[0m  [1m[34mSELECT `permissions`.* FROM `permissions` WHERE `permissions`.`resource` = 'form_schemas' AND `permissions`.`action` = 'destroy' LIMIT 1 /*application='BoilerplateRailsApi'*/[0m
  [1m[36mRole Load (1.7ms)[0m  [1m[34mSELECT `roles`.* FROM `roles` WHERE `roles`.`slug` = 'admin' LIMIT 1 /*application='BoilerplateRailsApi'*/[0m
  [1m[36mRole Load (0.6ms)[0m  [1m[34mSELECT `roles`.* FROM `roles` WHERE `roles`.`slug` = 'editor' LIMIT 1 /*application='BoilerplateRailsApi'*/[0m
  [1m[36mRole Load (2.5ms)[0m  [1m[34mSELECT `roles`.* FROM `roles` WHERE `roles`.`slug` = 'viewer' LIMIT 1 /*application='BoilerplateRailsApi'*/[0m
  [1m[36mPermission Load (7.3ms)[0m  [1m[34mSELECT `permissions`.* FROM `permissions` /*application='BoilerplateRailsApi'*/[0m
  [1m[36mPermission Load (12.0ms)[0m  [1m[34mSELECT `permissions`.* FROM `permissions` INNER JOIN `role_permissions` ON `permissions`.`id` = `role_permissions`.`permission_id` WHERE `role_permissions`.`role_id` = 1 /*application='BoilerplateRailsApi'*/[0m
  [1m[36mPermission Load (2.8ms)[0m  [1m[34mSELECT `permissions`.* FROM `permissions` WHERE `permissions`.`resource` = 'form_schemas' /*application='BoilerplateRailsApi'*/[0m
  [1m[36mPermission Load (1.6ms)[0m  [1m[34mSELECT `permissions`.* FROM `permissions` INNER JOIN `role_permissions` ON `permissions`.`id` = `role_permissions`.`permission_id` WHERE `role_permissions`.`role_id` = 2 /*application='BoilerplateRailsApi'*/[0m
  [1m[36mPermission Load (1.3ms)[0m  [1m[34mSELECT `permissions`.* FROM `permissions` WHERE `permissions`.`action` = 'read' /*application='BoilerplateRailsApi'*/[0m
  [1m[36mPermission Load (1.3ms)[0m  [1m[34mSELECT `permissions`.* FROM `permissions` INNER JOIN `role_permissions` ON `permissions`.`id` = `role_permissions`.`permission_id` WHERE `role_permissions`.`role_id` = 3 /*application='BoilerplateRailsApi'*/[0m
  [1m[36mUser Load (1.7ms)[0m  [1m[34mSELECT `users`.* FROM `users` WHERE `users`.`email` = 'superadmin@boilerplate.dev' LIMIT 1 /*application='BoilerplateRailsApi'*/[0m
  [1m[36mUser Load (0.5ms)[0m  [1m[34mSELECT `users`.* FROM `users` WHERE `users`.`email` = 'admin@boilerplate.dev' LIMIT 1 /*application='BoilerplateRailsApi'*/[0m
  [1m[36mUserRole Load (0.5ms)[0m  [1m[34mSELECT `user_roles`.* FROM `user_roles` WHERE `user_roles`.`user_id` = 2 AND `user_roles`.`role_id` = 1 LIMIT 1 /*application='BoilerplateRailsApi'*/[0m
  [1m[36mUser Load (1.6ms)[0m  [1m[34mSELECT `users`.* FROM `users` WHERE `users`.`email` = 'viewer@boilerplate.dev' LIMIT 1 /*application='BoilerplateRailsApi'*/[0m
  [1m[36mUserRole Load (0.9ms)[0m  [1m[34mSELECT `user_roles`.* FROM `user_roles` WHERE `user_roles`.`user_id` = 3 AND `user_roles`.`role_id` = 3 LIMIT 1 /*application='BoilerplateRailsApi'*/[0m
  [1m[36mFormSchema Load (0.6ms)[0m  [1m[34mSELECT `form_schemas`.* FROM `form_schemas` WHERE `form_schemas`.`slug` = 'login-form' LIMIT 1 /*application='BoilerplateRailsApi'*/[0m
  [1m[36mTRANSACTION (3.4ms)[0m  [1m[35mBEGIN /*application='BoilerplateRailsApi'*/[0m
  [1m[36mFormSchema Exists? (0.5ms)[0m  [1m[34mSELECT 1 AS one FROM `form_schemas` WHERE `form_schemas`.`slug` = 'login-form' LIMIT 1 /*application='BoilerplateRailsApi'*/[0m
  [1m[36mFormSchema Create (15.3ms)[0m  [1m[32mINSERT INTO `form_schemas` (`slug`, `title`, `submit_label`, `submit_endpoint`, `submit_method`, `fields`, `active`, `created_at`, `updated_at`) VALUES ('login-form', 'Sign In', 'Sign In', '/api/v1/auth/login', 'POST', '[{\"name\":\"email\",\"label\":\"Email address\",\"type\":\"email\",\"placeholder\":\"you@example.com\",\"required\":true,\"order\":1,\"validations\":{\"format\":\"email\",\"max_length\":255}},{\"name\":\"password\",\"label\":\"Password\",\"type\":\"password\",\"placeholder\":\"********\",\"required\":true,\"order\":2,\"validations\":{\"min_length\":8}}]', TRUE, '2026-03-21 15:23:08.329638', '2026-03-21 15:23:08.329638') RETURNING `id` /*application='BoilerplateRailsApi'*/[0m
  [1m[36mTRANSACTION (3.2ms)[0m  [1m[35mCOMMIT /*application='BoilerplateRailsApi'*/[0m
  [1m[36mFormSchema Load (0.4ms)[0m  [1m[34mSELECT `form_schemas`.* FROM `form_schemas` WHERE `form_schemas`.`slug` = 'register-form' LIMIT 1 /*application='BoilerplateRailsApi'*/[0m
  [1m[36mTRANSACTION (0.3ms)[0m  [1m[35mBEGIN /*application='BoilerplateRailsApi'*/[0m
  [1m[36mFormSchema Exists? (2.1ms)[0m  [1m[34mSELECT 1 AS one FROM `form_schemas` WHERE `form_schemas`.`slug` = 'register-form' LIMIT 1 /*application='BoilerplateRailsApi'*/[0m
  [1m[36mFormSchema Create (3.8ms)[0m  [1m[32mINSERT INTO `form_schemas` (`slug`, `title`, `submit_label`, `submit_endpoint`, `submit_method`, `fields`, `active`, `created_at`, `updated_at`) VALUES ('register-form', 'Create Account', 'Create Account', '/api/v1/auth/register', 'POST', '[{\"name\":\"name\",\"label\":\"Full name\",\"type\":\"text\",\"placeholder\":\"Your name\",\"required\":true,\"order\":1,\"validations\":{\"min_length\":2,\"max_length\":100}},{\"name\":\"email\",\"label\":\"Email address\",\"type\":\"email\",\"placeholder\":\"you@example.com\",\"required\":true,\"order\":2,\"validations\":{\"format\":\"email\",\"max_length\":255}},{\"name\":\"password\",\"label\":\"Password\",\"type\":\"password\",\"placeholder\":\"Min. 8 characters\",\"required\":true,\"order\":3,\"validations\":{\"min_length\":8}},{\"name\":\"password_confirmation\",\"label\":\"Confirm password\",\"type\":\"password\",\"placeholder\":\"Repeat your password\",\"required\":true,\"order\":4,\"validations\":{\"min_length\":8}}]', TRUE, '2026-03-21 15:23:08.443210', '2026-03-21 15:23:08.443210') RETURNING `id` /*application='BoilerplateRailsApi'*/[0m
  [1m[36mTRANSACTION (1.3ms)[0m  [1m[35mCOMMIT /*application='BoilerplateRailsApi'*/[0m
  [1m[36mFormSchema Load (0.3ms)[0m  [1m[34mSELECT `form_schemas`.* FROM `form_schemas` WHERE `form_schemas`.`slug` = 'profile-form' LIMIT 1 /*application='BoilerplateRailsApi'*/[0m
  [1m[36mTRANSACTION (0.2ms)[0m  [1m[35mBEGIN /*application='BoilerplateRailsApi'*/[0m
  [1m[36mFormSchema Exists? (2.4ms)[0m  [1m[34mSELECT 1 AS one FROM `form_schemas` WHERE `form_schemas`.`slug` = 'profile-form' LIMIT 1 /*application='BoilerplateRailsApi'*/[0m
  [1m[36mFormSchema Create (4.6ms)[0m  [1m[32mINSERT INTO `form_schemas` (`slug`, `title`, `submit_label`, `submit_endpoint`, `submit_method`, `fields`, `active`, `created_at`, `updated_at`) VALUES ('profile-form', 'Edit Profile', 'Save Changes', '/api/v1/auth/me', 'PATCH', '[{\"name\":\"name\",\"label\":\"Full name\",\"type\":\"text\",\"placeholder\":\"Your name\",\"required\":true,\"order\":1,\"validations\":{\"min_length\":2,\"max_length\":100}},{\"name\":\"bio\",\"label\":\"Bio\",\"type\":\"textarea\",\"placeholder\":\"Tell us about yourself\",\"required\":false,\"order\":2,\"rows\":4,\"validations\":{\"max_length\":500}},{\"name\":\"phone\",\"label\":\"Phone number\",\"type\":\"tel\",\"placeholder\":\"+57 300 000 0000\",\"required\":false,\"order\":3,\"validations\":{\"format\":\"phone\"}},{\"name\":\"birth_date\",\"label\":\"Date of birth\",\"type\":\"date\",\"required\":false,\"order\":4}]', TRUE, '2026-03-21 15:23:08.461424', '2026-03-21 15:23:08.461424') RETURNING `id` /*application='BoilerplateRailsApi'*/[0m
  [1m[36mTRANSACTION (0.8ms)[0m  [1m[35mCOMMIT /*application='BoilerplateRailsApi'*/[0m
  [1m[36mFormSchema Count (2.6ms)[0m  [1m[34mSELECT COUNT(*) FROM `form_schemas` /*application='BoilerplateRailsApi'*/[0m
Started GET "/api/v1/auth/google" for 192.168.65.1 at 2026-03-21 15:23:10 +0000
Redirected to http://localhost:3000/auth/google_oauth2
Completed 301 Moved Permanently in 2ms


Started GET "/auth/google_oauth2" for 192.168.65.1 at 2026-03-21 15:23:10 +0000
(google_oauth2) Request phase initiated.
Started GET "/api/v1/forms/login-form" for 127.0.0.1 at 2026-03-21 15:23:13 +0000
Started GET "/auth/google_oauth2/callback?state=bbe19fbfe4577d8cfb7c22cff1c27bb13d2167013118f325&iss=https%3A%2F%2Faccounts.google.com&code=4%2F0AfrIepB_mij_b7tnyxGRpRW3thl_zC8HQU0W3xFTdbxaSPQr-3v-f-Lu9_gzjt9afAWvag&scope=email+profile+https%3A%2F%2Fwww.googleapis.com%2Fauth%2Fuserinfo.profile+openid+https%3A%2F%2Fwww.googleapis.com%2Fauth%2Fuserinfo.email&authuser=0&hd=cincoveinticinco.com&prompt=none" for 192.168.65.1 at 2026-03-21 15:23:13 +0000
Processing by Api::V1::FormsController#show as */*
  Parameters: {"slug"=>"login-form"}
  [1m[36mFormSchema Load (1.4ms)[0m  [1m[34mSELECT `form_schemas`.* FROM `form_schemas` WHERE `form_schemas`.`slug` = 'login-form' AND `form_schemas`.`active` = TRUE LIMIT 1 /*action='show',application='BoilerplateRailsApi',controller='forms'*/[0m
  ↳ app/domains/forms/repositories/form_schema_repository.rb:8:in `find_by_slug'
Completed 200 OK in 77ms (Views: 0.2ms | ActiveRecord: 1.8ms (1 query, 0 cached) | GC: 32.4ms)


(google_oauth2) Callback phase initiated.
Processing by Api::V1::OauthController#google_callback as HTML
  Parameters: {"state"=>"bbe19fbfe4577d8cfb7c22cff1c27bb13d2167013118f325", "iss"=>"https://accounts.google.com", "code"=>"4/0AfrIepB_mij_b7tnyxGRpRW3thl_zC8HQU0W3xFTdbxaSPQr-3v-f-Lu9_gzjt9afAWvag", "scope"=>"email profile https://www.googleapis.com/auth/userinfo.profile openid https://www.googleapis.com/auth/userinfo.email", "authuser"=>"0", "hd"=>"cincoveinticinco.com", "prompt"=>"none"}
  [1m[36mUser Load (0.6ms)[0m  [1m[34mSELECT `users`.* FROM `users` WHERE `users`.`google_uid` = '103522933956856340115' LIMIT 1 /*action='google_callback',application='BoilerplateRailsApi',controller='oauth'*/[0m
  ↳ app/domains/auth/repositories/user_repository.rb:23:in `find_or_create_from_google'
  [1m[36mUser Load (0.5ms)[0m  [1m[34mSELECT `users`.* FROM `users` WHERE `users`.`email` = 'daniel.c@cincoveinticinco.com' LIMIT 1 /*action='google_callback',application='BoilerplateRailsApi',controller='oauth'*/[0m
  ↳ app/domains/auth/repositories/user_repository.rb:26:in `find_or_create_from_google'
  [1m[36mTRANSACTION (0.4ms)[0m  [1m[35mBEGIN /*action='google_callback',application='BoilerplateRailsApi',controller='oauth'*/[0m
  ↳ app/domains/auth/repositories/user_repository.rb:35:in `find_or_create_from_google'
  [1m[36mUser Exists? (4.7ms)[0m  [1m[34mSELECT 1 AS one FROM `users` WHERE `users`.`email` = 'daniel.c@cincoveinticinco.com' LIMIT 1 /*action='google_callback',application='BoilerplateRailsApi',controller='oauth'*/[0m
  ↳ app/domains/auth/repositories/user_repository.rb:35:in `find_or_create_from_google'
  [1m[36mUser Create (0.8ms)[0m  [1m[32mINSERT INTO `users` (`email`, `encrypted_password`, `name`, `refresh_token_hash`, `refresh_token_expires_at`, `confirmed_at`, `created_at`, `updated_at`, `super_admin`, `google_uid`, `avatar_url`, `auth_provider`) VALUES ('daniel.c@cincoveinticinco.com', NULL, 'Daniel Carrera', NULL, NULL, '2026-03-21 15:23:14.537774', '2026-03-21 15:23:14.548738', '2026-03-21 15:23:14.548738', FALSE, '103522933956856340115', 'https://lh3.googleusercontent.com/a/ACg8ocI34k_X6jocBQOv0X44VMbcVUBMFlCAQsBGJcy4emX3nbdQqbg=s200-c', 'google') RETURNING `id` /*action='google_callback',application='BoilerplateRailsApi',controller='oauth'*/[0m
  ↳ app/domains/auth/repositories/user_repository.rb:35:in `find_or_create_from_google'
  [1m[36mTRANSACTION (0.4ms)[0m  [1m[31mROLLBACK /*action='google_callback',application='BoilerplateRailsApi',controller='oauth'*/[0m
  ↳ app/domains/auth/repositories/user_repository.rb:35:in `find_or_create_from_google'
OAuth error: Mysql2::Error: Column 'encrypted_password' cannot be null
Redirected to http://localhost:5173/auth/callback?error=server_error
Completed 302 Found in 36ms (ActiveRecord: 7.3ms (4 queries, 0 cached) | GC: 0.2ms)


Started GET "/api/v1/forms/login-form" for 192.168.65.1 at 2026-03-21 15:23:15 +0000
Processing by Api::V1::FormsController#show as HTML
  Parameters: {"slug"=>"login-form"}
  [1m[36mFormSchema Load (4.1ms)[0m  [1m[34mSELECT `form_schemas`.* FROM `form_schemas` WHERE `form_schemas`.`slug` = 'login-form' AND `form_schemas`.`active` = TRUE LIMIT 1 /*action='show',application='BoilerplateRailsApi',controller='forms'*/[0m
  ↳ app/domains/forms/repositories/form_schema_repository.rb:8:in `find_by_slug'
Completed 200 OK in 12ms (Views: 0.3ms | ActiveRecord: 1.9ms (1 query, 0 cached) | GC: 0.0ms)


Started GET "/api/v1/forms/login-form" for 192.168.65.1 at 2026-03-21 15:23:15 +0000
Processing by Api::V1::FormsController#show as HTML
  Parameters: {"slug"=>"login-form"}
  [1m[36mFormSchema Load (0.5ms)[0m  [1m[34mSELECT `form_schemas`.* FROM `form_schemas` WHERE `form_schemas`.`slug` = 'login-form' AND `form_schemas`.`active` = TRUE LIMIT 1 /*action='show',application='BoilerplateRailsApi',controller='forms'*/[0m
  ↳ app/domains/forms/repositories/form_schema_repository.rb:8:in `find_by_slug'
Completed 200 OK in 7ms (Views: 0.1ms | ActiveRecord: 0.5ms (1 query, 0 cached) | GC: 0.0ms)


Started GET "/api/v1/forms/login-form" for 192.168.65.1 at 2026-03-21 15:29:11 +0000
Processing by Api::V1::FormsController#show as HTML
  Parameters: {"slug"=>"login-form"}
  [1m[36mFormSchema Load (3.1ms)[0m  [1m[34mSELECT `form_schemas`.* FROM `form_schemas` WHERE `form_schemas`.`slug` = 'login-form' AND `form_schemas`.`active` = TRUE LIMIT 1 /*action='show',application='BoilerplateRailsApi',controller='forms'*/[0m
  ↳ app/domains/forms/repositories/form_schema_repository.rb:8:in `find_by_slug'
Completed 200 OK in 74ms (Views: 0.5ms | ActiveRecord: 6.3ms (1 query, 0 cached) | GC: 0.0ms)


Started GET "/api/v1/forms/login-form" for 192.168.65.1 at 2026-03-21 15:29:11 +0000
Processing by Api::V1::FormsController#show as HTML
  Parameters: {"slug"=>"login-form"}
  [1m[36mFormSchema Load (0.6ms)[0m  [1m[34mSELECT `form_schemas`.* FROM `form_schemas` WHERE `form_schemas`.`slug` = 'login-form' AND `form_schemas`.`active` = TRUE LIMIT 1 /*action='show',application='BoilerplateRailsApi',controller='forms'*/[0m
  ↳ app/domains/forms/repositories/form_schema_repository.rb:8:in `find_by_slug'
Completed 200 OK in 13ms (Views: 8.8ms | ActiveRecord: 0.6ms (1 query, 0 cached) | GC: 7.1ms)


Started GET "/api/v1/auth/google" for 192.168.65.1 at 2026-03-21 15:29:20 +0000
Redirected to http://localhost:3000/auth/google_oauth2
Completed 301 Moved Permanently in 30ms


Started GET "/auth/google_oauth2" for 192.168.65.1 at 2026-03-21 15:29:20 +0000
(google_oauth2) Request phase initiated.
Started GET "/auth/google_oauth2/callback?state=df4de36b188d23867196c9bb5f15301e29f49c35d4050d85&iss=https%3A%2F%2Faccounts.google.com&code=4%2F0AfrIepCUguuK-ZWlDxOCyOWaEeWq91ONZhx-jcXz_2Bm2h1b5UEyRRScEI6I1QzlIjBOZQ&scope=email+profile+https%3A%2F%2Fwww.googleapis.com%2Fauth%2Fuserinfo.profile+openid+https%3A%2F%2Fwww.googleapis.com%2Fauth%2Fuserinfo.email&authuser=0&hd=cincoveinticinco.com&prompt=none" for 192.168.65.1 at 2026-03-21 15:29:24 +0000
(google_oauth2) Callback phase initiated.
Processing by Api::V1::OauthController#google_callback as HTML
  Parameters: {"state"=>"df4de36b188d23867196c9bb5f15301e29f49c35d4050d85", "iss"=>"https://accounts.google.com", "code"=>"4/0AfrIepCUguuK-ZWlDxOCyOWaEeWq91ONZhx-jcXz_2Bm2h1b5UEyRRScEI6I1QzlIjBOZQ", "scope"=>"email profile https://www.googleapis.com/auth/userinfo.profile openid https://www.googleapis.com/auth/userinfo.email", "authuser"=>"0", "hd"=>"cincoveinticinco.com", "prompt"=>"none"}
  [1m[36mUser Load (1.4ms)[0m  [1m[34mSELECT `users`.* FROM `users` WHERE `users`.`google_uid` = '103522933956856340115' LIMIT 1 /*action='google_callback',application='BoilerplateRailsApi',controller='oauth'*/[0m
  ↳ app/domains/auth/repositories/user_repository.rb:23:in `find_or_create_from_google'
  [1m[36mUser Load (0.5ms)[0m  [1m[34mSELECT `users`.* FROM `users` WHERE `users`.`email` = 'daniel.c@cincoveinticinco.com' LIMIT 1 /*action='google_callback',application='BoilerplateRailsApi',controller='oauth'*/[0m
  ↳ app/domains/auth/repositories/user_repository.rb:26:in `find_or_create_from_google'
  [1m[36mTRANSACTION (0.4ms)[0m  [1m[35mBEGIN /*action='google_callback',application='BoilerplateRailsApi',controller='oauth'*/[0m
  ↳ app/domains/auth/repositories/user_repository.rb:35:in `find_or_create_from_google'
  [1m[36mUser Exists? (4.8ms)[0m  [1m[34mSELECT 1 AS one FROM `users` WHERE `users`.`email` = 'daniel.c@cincoveinticinco.com' LIMIT 1 /*action='google_callback',application='BoilerplateRailsApi',controller='oauth'*/[0m
  ↳ app/domains/auth/repositories/user_repository.rb:35:in `find_or_create_from_google'
  [1m[36mUser Create (1.4ms)[0m  [1m[32mINSERT INTO `users` (`email`, `encrypted_password`, `name`, `refresh_token_hash`, `refresh_token_expires_at`, `confirmed_at`, `created_at`, `updated_at`, `super_admin`, `google_uid`, `avatar_url`, `auth_provider`) VALUES ('daniel.c@cincoveinticinco.com', NULL, 'Daniel Carrera', NULL, NULL, '2026-03-21 15:29:25.070521', '2026-03-21 15:29:25.085498', '2026-03-21 15:29:25.085498', FALSE, '103522933956856340115', 'https://lh3.googleusercontent.com/a/ACg8ocI34k_X6jocBQOv0X44VMbcVUBMFlCAQsBGJcy4emX3nbdQqbg=s200-c', 'google') RETURNING `id` /*action='google_callback',application='BoilerplateRailsApi',controller='oauth'*/[0m
  ↳ app/domains/auth/repositories/user_repository.rb:35:in `find_or_create_from_google'
  [1m[36mTRANSACTION (0.5ms)[0m  [1m[31mROLLBACK /*action='google_callback',application='BoilerplateRailsApi',controller='oauth'*/[0m
  ↳ app/domains/auth/repositories/user_repository.rb:35:in `find_or_create_from_google'
OAuth error: Mysql2::Error: Column 'encrypted_password' cannot be null
Redirected to http://localhost:5173/auth/callback?error=server_error
Completed 302 Found in 89ms (ActiveRecord: 8.9ms (4 queries, 0 cached) | GC: 39.2ms)


Started GET "/api/v1/forms/login-form" for 192.168.65.1 at 2026-03-21 15:29:25 +0000
Processing by Api::V1::FormsController#show as HTML
  Parameters: {"slug"=>"login-form"}
  [1m[36mFormSchema Load (1.2ms)[0m  [1m[34mSELECT `form_schemas`.* FROM `form_schemas` WHERE `form_schemas`.`slug` = 'login-form' AND `form_schemas`.`active` = TRUE LIMIT 1 /*action='show',application='BoilerplateRailsApi',controller='forms'*/[0m
  ↳ app/domains/forms/repositories/form_schema_repository.rb:8:in `find_by_slug'
Completed 200 OK in 12ms (Views: 1.4ms | ActiveRecord: 1.2ms (1 query, 0 cached) | GC: 0.0ms)


Started GET "/api/v1/forms/login-form" for 192.168.65.1 at 2026-03-21 15:29:25 +0000
Processing by Api::V1::FormsController#show as HTML
  Parameters: {"slug"=>"login-form"}
  [1m[36mFormSchema Load (0.9ms)[0m  [1m[34mSELECT `form_schemas`.* FROM `form_schemas` WHERE `form_schemas`.`slug` = 'login-form' AND `form_schemas`.`active` = TRUE LIMIT 1 /*action='show',application='BoilerplateRailsApi',controller='forms'*/[0m
  ↳ app/domains/forms/repositories/form_schema_repository.rb:8:in `find_by_slug'
Completed 200 OK in 11ms (Views: 0.3ms | ActiveRecord: 0.8ms (1 query, 0 cached) | GC: 0.0ms)


Started GET "/api/v1/forms/login-form" for 192.168.65.1 at 2026-03-21 15:29:29 +0000
Processing by Api::V1::FormsController#show as HTML
  Parameters: {"slug"=>"login-form"}
  [1m[36mFormSchema Load (2.8ms)[0m  [1m[34mSELECT `form_schemas`.* FROM `form_schemas` WHERE `form_schemas`.`slug` = 'login-form' AND `form_schemas`.`active` = TRUE LIMIT 1 /*action='show',application='BoilerplateRailsApi',controller='forms'*/[0m
  ↳ app/domains/forms/repositories/form_schema_repository.rb:8:in `find_by_slug'
Completed 200 OK in 19ms (Views: 0.9ms | ActiveRecord: 2.8ms (1 query, 0 cached) | GC: 0.0ms)


Started GET "/api/v1/forms/login-form" for 192.168.65.1 at 2026-03-21 15:29:30 +0000
Processing by Api::V1::FormsController#show as HTML
  Parameters: {"slug"=>"login-form"}
  [1m[36mFormSchema Load (0.9ms)[0m  [1m[34mSELECT `form_schemas`.* FROM `form_schemas` WHERE `form_schemas`.`slug` = 'login-form' AND `form_schemas`.`active` = TRUE LIMIT 1 /*action='show',application='BoilerplateRailsApi',controller='forms'*/[0m
  ↳ app/domains/forms/repositories/form_schema_repository.rb:8:in `find_by_slug'
Completed 200 OK in 5ms (Views: 0.1ms | ActiveRecord: 0.9ms (1 query, 0 cached) | GC: 0.0ms)


Started GET "/api/v1/forms/login-form" for 192.168.65.1 at 2026-03-21 15:29:37 +0000
Processing by Api::V1::FormsController#show as HTML
  Parameters: {"slug"=>"login-form"}
  [1m[36mFormSchema Load (1.1ms)[0m  [1m[34mSELECT `form_schemas`.* FROM `form_schemas` WHERE `form_schemas`.`slug` = 'login-form' AND `form_schemas`.`active` = TRUE LIMIT 1 /*action='show',application='BoilerplateRailsApi',controller='forms'*/[0m
  ↳ app/domains/forms/repositories/form_schema_repository.rb:8:in `find_by_slug'
Completed 200 OK in 5ms (Views: 0.2ms | ActiveRecord: 1.1ms (1 query, 0 cached) | GC: 0.0ms)


Started GET "/api/v1/forms/login-form" for 192.168.65.1 at 2026-03-21 15:29:37 +0000
Processing by Api::V1::FormsController#show as HTML
  Parameters: {"slug"=>"login-form"}
  [1m[36mFormSchema Load (0.7ms)[0m  [1m[34mSELECT `form_schemas`.* FROM `form_schemas` WHERE `form_schemas`.`slug` = 'login-form' AND `form_schemas`.`active` = TRUE LIMIT 1 /*action='show',application='BoilerplateRailsApi',controller='forms'*/[0m
  ↳ app/domains/forms/repositories/form_schema_repository.rb:8:in `find_by_slug'
Completed 200 OK in 5ms (Views: 0.2ms | ActiveRecord: 0.7ms (1 query, 0 cached) | GC: 0.0ms)


Started GET "/api/v1/forms/login-form" for 192.168.65.1 at 2026-03-21 15:29:39 +0000
Processing by Api::V1::FormsController#show as HTML
  Parameters: {"slug"=>"login-form"}
  [1m[36mFormSchema Load (1.0ms)[0m  [1m[34mSELECT `form_schemas`.* FROM `form_schemas` WHERE `form_schemas`.`slug` = 'login-form' AND `form_schemas`.`active` = TRUE LIMIT 1 /*action='show',application='BoilerplateRailsApi',controller='forms'*/[0m
  ↳ app/domains/forms/repositories/form_schema_repository.rb:8:in `find_by_slug'
Completed 200 OK in 7ms (Views: 2.8ms | ActiveRecord: 1.0ms (1 query, 0 cached) | GC: 0.0ms)


Started GET "/api/v1/forms/login-form" for 192.168.65.1 at 2026-03-21 15:29:39 +0000
Processing by Api::V1::FormsController#show as HTML
  Parameters: {"slug"=>"login-form"}
  [1m[36mFormSchema Load (0.6ms)[0m  [1m[34mSELECT `form_schemas`.* FROM `form_schemas` WHERE `form_schemas`.`slug` = 'login-form' AND `form_schemas`.`active` = TRUE LIMIT 1 /*action='show',application='BoilerplateRailsApi',controller='forms'*/[0m
  ↳ app/domains/forms/repositories/form_schema_repository.rb:8:in `find_by_slug'
Completed 200 OK in 5ms (Views: 0.6ms | ActiveRecord: 0.6ms (1 query, 0 cached) | GC: 0.2ms)


Started GET "/api/v1/auth/google" for 192.168.65.1 at 2026-03-21 15:29:42 +0000
Redirected to http://localhost:3000/auth/google_oauth2
Completed 301 Moved Permanently in 2ms


Started GET "/auth/google_oauth2" for 192.168.65.1 at 2026-03-21 15:29:42 +0000
(google_oauth2) Request phase initiated.
Started GET "/auth/google_oauth2/callback?state=393ec49b9405f5289f8bfbb3d3539e08ea8624daa1fa905a&iss=https%3A%2F%2Faccounts.google.com&code=4%2F0AfrIepDao6biv1LChCawCKli0Vn3MjsZl9zrgBcYSYft4qalID9EixFJoe0eDEZFpa4Deg&scope=email+profile+https%3A%2F%2Fwww.googleapis.com%2Fauth%2Fuserinfo.email+openid+https%3A%2F%2Fwww.googleapis.com%2Fauth%2Fuserinfo.profile&authuser=0&hd=cincoveinticinco.com&prompt=none" for 192.168.65.1 at 2026-03-21 15:29:45 +0000
(google_oauth2) Callback phase initiated.
Processing by Api::V1::OauthController#google_callback as HTML
  Parameters: {"state"=>"393ec49b9405f5289f8bfbb3d3539e08ea8624daa1fa905a", "iss"=>"https://accounts.google.com", "code"=>"4/0AfrIepDao6biv1LChCawCKli0Vn3MjsZl9zrgBcYSYft4qalID9EixFJoe0eDEZFpa4Deg", "scope"=>"email profile https://www.googleapis.com/auth/userinfo.email openid https://www.googleapis.com/auth/userinfo.profile", "authuser"=>"0", "hd"=>"cincoveinticinco.com", "prompt"=>"none"}
  [1m[36mUser Load (0.8ms)[0m  [1m[34mSELECT `users`.* FROM `users` WHERE `users`.`google_uid` = '103522933956856340115' LIMIT 1 /*action='google_callback',application='BoilerplateRailsApi',controller='oauth'*/[0m
  ↳ app/domains/auth/repositories/user_repository.rb:23:in `find_or_create_from_google'
  [1m[36mUser Load (1.6ms)[0m  [1m[34mSELECT `users`.* FROM `users` WHERE `users`.`email` = 'daniel.c@cincoveinticinco.com' LIMIT 1 /*action='google_callback',application='BoilerplateRailsApi',controller='oauth'*/[0m
  ↳ app/domains/auth/repositories/user_repository.rb:26:in `find_or_create_from_google'
  [1m[36mTRANSACTION (0.4ms)[0m  [1m[35mBEGIN /*action='google_callback',application='BoilerplateRailsApi',controller='oauth'*/[0m
  ↳ app/domains/auth/repositories/user_repository.rb:35:in `find_or_create_from_google'
  [1m[36mUser Exists? (3.3ms)[0m  [1m[34mSELECT 1 AS one FROM `users` WHERE `users`.`email` = 'daniel.c@cincoveinticinco.com' LIMIT 1 /*action='google_callback',application='BoilerplateRailsApi',controller='oauth'*/[0m
  ↳ app/domains/auth/repositories/user_repository.rb:35:in `find_or_create_from_google'
  [1m[36mUser Create (0.7ms)[0m  [1m[32mINSERT INTO `users` (`email`, `encrypted_password`, `name`, `refresh_token_hash`, `refresh_token_expires_at`, `confirmed_at`, `created_at`, `updated_at`, `super_admin`, `google_uid`, `avatar_url`, `auth_provider`) VALUES ('daniel.c@cincoveinticinco.com', NULL, 'Daniel Carrera', NULL, NULL, '2026-03-21 15:29:46.408319', '2026-03-21 15:29:46.419855', '2026-03-21 15:29:46.419855', FALSE, '103522933956856340115', 'https://lh3.googleusercontent.com/a/ACg8ocI34k_X6jocBQOv0X44VMbcVUBMFlCAQsBGJcy4emX3nbdQqbg=s200-c', 'google') RETURNING `id` /*action='google_callback',application='BoilerplateRailsApi',controller='oauth'*/[0m
  ↳ app/domains/auth/repositories/user_repository.rb:35:in `find_or_create_from_google'
  [1m[36mTRANSACTION (0.3ms)[0m  [1m[31mROLLBACK /*action='google_callback',application='BoilerplateRailsApi',controller='oauth'*/[0m
  ↳ app/domains/auth/repositories/user_repository.rb:35:in `find_or_create_from_google'
OAuth error: Mysql2::Error: Column 'encrypted_password' cannot be null
Redirected to http://localhost:5173/auth/callback?error=server_error
Completed 302 Found in 32ms (ActiveRecord: 7.0ms (4 queries, 0 cached) | GC: 0.0ms)


Started GET "/api/v1/forms/login-form" for 192.168.65.1 at 2026-03-21 15:29:47 +0000
Processing by Api::V1::FormsController#show as HTML
  Parameters: {"slug"=>"login-form"}
  [1m[36mFormSchema Load (0.5ms)[0m  [1m[34mSELECT `form_schemas`.* FROM `form_schemas` WHERE `form_schemas`.`slug` = 'login-form' AND `form_schemas`.`active` = TRUE LIMIT 1 /*action='show',application='BoilerplateRailsApi',controller='forms'*/[0m
  ↳ app/domains/forms/repositories/form_schema_repository.rb:8:in `find_by_slug'
Completed 200 OK in 5ms (Views: 0.1ms | ActiveRecord: 0.5ms (1 query, 0 cached) | GC: 0.0ms)


Started GET "/api/v1/forms/login-form" for 192.168.65.1 at 2026-03-21 15:29:47 +0000
Processing by Api::V1::FormsController#show as HTML
  Parameters: {"slug"=>"login-form"}
  [1m[36mFormSchema Load (1.4ms)[0m  [1m[34mSELECT `form_schemas`.* FROM `form_schemas` WHERE `form_schemas`.`slug` = 'login-form' AND `form_schemas`.`active` = TRUE LIMIT 1 /*action='show',application='BoilerplateRailsApi',controller='forms'*/[0m
  ↳ app/domains/forms/repositories/form_schema_repository.rb:8:in `find_by_slug'
Completed 200 OK in 5ms (Views: 0.2ms | ActiveRecord: 1.4ms (1 query, 0 cached) | GC: 0.8ms)


Started GET "/api/v1/auth/google" for 192.168.65.1 at 2026-03-21 15:29:51 +0000
Redirected to http://localhost:3000/auth/google_oauth2
Completed 301 Moved Permanently in 0ms


Started GET "/auth/google_oauth2" for 192.168.65.1 at 2026-03-21 15:29:51 +0000
(google_oauth2) Request phase initiated.
Started GET "/auth/google_oauth2/callback?state=10178852b3424cadd1c7a395febb16fd993ade2392b1b63d&iss=https%3A%2F%2Faccounts.google.com&code=4%2F0AfrIepCav0VNQx8a35z2kcgCuV1b6-ppTi2a5fba39SA5vYDaUn-tlXsKokYnIeue2uYlg&scope=email+profile+https%3A%2F%2Fwww.googleapis.com%2Fauth%2Fuserinfo.email+openid+https%3A%2F%2Fwww.googleapis.com%2Fauth%2Fuserinfo.profile&authuser=0&hd=cincoveinticinco.com&prompt=none" for 192.168.65.1 at 2026-03-21 15:29:54 +0000
(google_oauth2) Callback phase initiated.
Processing by Api::V1::OauthController#google_callback as HTML
  Parameters: {"state"=>"10178852b3424cadd1c7a395febb16fd993ade2392b1b63d", "iss"=>"https://accounts.google.com", "code"=>"4/0AfrIepCav0VNQx8a35z2kcgCuV1b6-ppTi2a5fba39SA5vYDaUn-tlXsKokYnIeue2uYlg", "scope"=>"email profile https://www.googleapis.com/auth/userinfo.email openid https://www.googleapis.com/auth/userinfo.profile", "authuser"=>"0", "hd"=>"cincoveinticinco.com", "prompt"=>"none"}
  [1m[36mUser Load (0.8ms)[0m  [1m[34mSELECT `users`.* FROM `users` WHERE `users`.`google_uid` = '103522933956856340115' LIMIT 1 /*action='google_callback',application='BoilerplateRailsApi',controller='oauth'*/[0m
  ↳ app/domains/auth/repositories/user_repository.rb:23:in `find_or_create_from_google'
  [1m[36mUser Load (0.6ms)[0m  [1m[34mSELECT `users`.* FROM `users` WHERE `users`.`email` = 'daniel.c@cincoveinticinco.com' LIMIT 1 /*action='google_callback',application='BoilerplateRailsApi',controller='oauth'*/[0m
  ↳ app/domains/auth/repositories/user_repository.rb:26:in `find_or_create_from_google'
  [1m[36mTRANSACTION (0.3ms)[0m  [1m[35mBEGIN /*action='google_callback',application='BoilerplateRailsApi',controller='oauth'*/[0m
  ↳ app/domains/auth/repositories/user_repository.rb:35:in `find_or_create_from_google'
  [1m[36mUser Exists? (2.9ms)[0m  [1m[34mSELECT 1 AS one FROM `users` WHERE `users`.`email` = 'daniel.c@cincoveinticinco.com' LIMIT 1 /*action='google_callback',application='BoilerplateRailsApi',controller='oauth'*/[0m
  ↳ app/domains/auth/repositories/user_repository.rb:35:in `find_or_create_from_google'
  [1m[36mUser Create (0.6ms)[0m  [1m[32mINSERT INTO `users` (`email`, `encrypted_password`, `name`, `refresh_token_hash`, `refresh_token_expires_at`, `confirmed_at`, `created_at`, `updated_at`, `super_admin`, `google_uid`, `avatar_url`, `auth_provider`) VALUES ('daniel.c@cincoveinticinco.com', NULL, 'Daniel Carrera', NULL, NULL, '2026-03-21 15:29:55.732852', '2026-03-21 15:29:55.740097', '2026-03-21 15:29:55.740097', FALSE, '103522933956856340115', 'https://lh3.googleusercontent.com/a/ACg8ocI34k_X6jocBQOv0X44VMbcVUBMFlCAQsBGJcy4emX3nbdQqbg=s200-c', 'google') RETURNING `id` /*action='google_callback',application='BoilerplateRailsApi',controller='oauth'*/[0m
  ↳ app/domains/auth/repositories/user_repository.rb:35:in `find_or_create_from_google'
  [1m[36mTRANSACTION (0.6ms)[0m  [1m[31mROLLBACK /*action='google_callback',application='BoilerplateRailsApi',controller='oauth'*/[0m
  ↳ app/domains/auth/repositories/user_repository.rb:35:in `find_or_create_from_google'
OAuth error: Mysql2::Error: Column 'encrypted_password' cannot be null
Redirected to http://localhost:5173/auth/callback?error=server_error
Completed 302 Found in 20ms (ActiveRecord: 5.5ms (4 queries, 0 cached) | GC: 0.0ms)


Started GET "/api/v1/forms/login-form" for 192.168.65.1 at 2026-03-21 15:29:56 +0000
Processing by Api::V1::FormsController#show as HTML
  Parameters: {"slug"=>"login-form"}
  [1m[36mFormSchema Load (0.8ms)[0m  [1m[34mSELECT `form_schemas`.* FROM `form_schemas` WHERE `form_schemas`.`slug` = 'login-form' AND `form_schemas`.`active` = TRUE LIMIT 1 /*action='show',application='BoilerplateRailsApi',controller='forms'*/[0m
  ↳ app/domains/forms/repositories/form_schema_repository.rb:8:in `find_by_slug'
Completed 200 OK in 5ms (Views: 0.1ms | ActiveRecord: 0.8ms (1 query, 0 cached) | GC: 0.0ms)


Started GET "/api/v1/forms/login-form" for 192.168.65.1 at 2026-03-21 15:29:56 +0000
Processing by Api::V1::FormsController#show as HTML
  Parameters: {"slug"=>"login-form"}
  [1m[36mFormSchema Load (1.2ms)[0m  [1m[34mSELECT `form_schemas`.* FROM `form_schemas` WHERE `form_schemas`.`slug` = 'login-form' AND `form_schemas`.`active` = TRUE LIMIT 1 /*action='show',application='BoilerplateRailsApi',controller='forms'*/[0m
  ↳ app/domains/forms/repositories/form_schema_repository.rb:8:in `find_by_slug'
Completed 200 OK in 5ms (Views: 0.6ms | ActiveRecord: 1.2ms (1 query, 0 cached) | GC: 0.0ms)


Started GET "/api/v1/forms/login-form" for 192.168.65.1 at 2026-03-21 15:39:23 +0000
Processing by Api::V1::FormsController#show as HTML
  Parameters: {"slug"=>"login-form"}
  [1m[36mFormSchema Load (1.2ms)[0m  [1m[34mSELECT `form_schemas`.* FROM `form_schemas` WHERE `form_schemas`.`slug` = 'login-form' AND `form_schemas`.`active` = TRUE LIMIT 1 /*action='show',application='BoilerplateRailsApi',controller='forms'*/[0m
  ↳ app/domains/forms/repositories/form_schema_repository.rb:8:in `find_by_slug'
Completed 200 OK in 15ms (Views: 0.4ms | ActiveRecord: 1.6ms (1 query, 0 cached) | GC: 0.0ms)


Started GET "/api/v1/forms/login-form" for 192.168.65.1 at 2026-03-21 15:39:23 +0000
Processing by Api::V1::FormsController#show as HTML
  Parameters: {"slug"=>"login-form"}
  [1m[36mFormSchema Load (3.3ms)[0m  [1m[34mSELECT `form_schemas`.* FROM `form_schemas` WHERE `form_schemas`.`slug` = 'login-form' AND `form_schemas`.`active` = TRUE LIMIT 1 /*action='show',application='BoilerplateRailsApi',controller='forms'*/[0m
  ↳ app/domains/forms/repositories/form_schema_repository.rb:8:in `find_by_slug'
Completed 200 OK in 7ms (Views: 0.3ms | ActiveRecord: 3.3ms (1 query, 0 cached) | GC: 0.0ms)


Started GET "/api/v1/forms/login-form" for 192.168.65.1 at 2026-03-21 15:40:08 +0000
Processing by Api::V1::FormsController#show as HTML
  Parameters: {"slug"=>"login-form"}
  [1m[36mFormSchema Load (0.7ms)[0m  [1m[34mSELECT `form_schemas`.* FROM `form_schemas` WHERE `form_schemas`.`slug` = 'login-form' AND `form_schemas`.`active` = TRUE LIMIT 1 /*action='show',application='BoilerplateRailsApi',controller='forms'*/[0m
  ↳ app/domains/forms/repositories/form_schema_repository.rb:8:in `find_by_slug'
Completed 200 OK in 4ms (Views: 0.2ms | ActiveRecord: 0.7ms (1 query, 0 cached) | GC: 0.0ms)


Started GET "/api/v1/forms/login-form" for 192.168.65.1 at 2026-03-21 15:40:08 +0000
Processing by Api::V1::FormsController#show as HTML
  Parameters: {"slug"=>"login-form"}
  [1m[36mFormSchema Load (0.5ms)[0m  [1m[34mSELECT `form_schemas`.* FROM `form_schemas` WHERE `form_schemas`.`slug` = 'login-form' AND `form_schemas`.`active` = TRUE LIMIT 1 /*action='show',application='BoilerplateRailsApi',controller='forms'*/[0m
  ↳ app/domains/forms/repositories/form_schema_repository.rb:8:in `find_by_slug'
Completed 200 OK in 11ms (Views: 0.6ms | ActiveRecord: 0.6ms (1 query, 0 cached) | GC: 0.0ms)


Started GET "/api/v1/forms/login-form" for 192.168.65.1 at 2026-03-21 15:40:20 +0000
Processing by Api::V1::FormsController#show as HTML
  Parameters: {"slug"=>"login-form"}
  [1m[36mFormSchema Load (1.4ms)[0m  [1m[34mSELECT `form_schemas`.* FROM `form_schemas` WHERE `form_schemas`.`slug` = 'login-form' AND `form_schemas`.`active` = TRUE LIMIT 1 /*action='show',application='BoilerplateRailsApi',controller='forms'*/[0m
  ↳ app/domains/forms/repositories/form_schema_repository.rb:8:in `find_by_slug'
Completed 200 OK in 34ms (Views: 1.2ms | ActiveRecord: 1.4ms (1 query, 0 cached) | GC: 27.0ms)


Started GET "/api/v1/forms/login-form" for 192.168.65.1 at 2026-03-21 15:40:20 +0000
Processing by Api::V1::FormsController#show as HTML
  Parameters: {"slug"=>"login-form"}
  [1m[36mFormSchema Load (0.6ms)[0m  [1m[34mSELECT `form_schemas`.* FROM `form_schemas` WHERE `form_schemas`.`slug` = 'login-form' AND `form_schemas`.`active` = TRUE LIMIT 1 /*action='show',application='BoilerplateRailsApi',controller='forms'*/[0m
  ↳ app/domains/forms/repositories/form_schema_repository.rb:8:in `find_by_slug'
Completed 200 OK in 3ms (Views: 0.5ms | ActiveRecord: 0.6ms (1 query, 0 cached) | GC: 0.0ms)


Started GET "/api/v1/forms/login-form" for 192.168.65.1 at 2026-03-21 15:40:45 +0000
Processing by Api::V1::FormsController#show as HTML
  Parameters: {"slug"=>"login-form"}
  [1m[36mFormSchema Load (1.0ms)[0m  [1m[34mSELECT `form_schemas`.* FROM `form_schemas` WHERE `form_schemas`.`slug` = 'login-form' AND `form_schemas`.`active` = TRUE LIMIT 1 /*action='show',application='BoilerplateRailsApi',controller='forms'*/[0m
  ↳ app/domains/forms/repositories/form_schema_repository.rb:8:in `find_by_slug'
Completed 200 OK in 5ms (Views: 0.3ms | ActiveRecord: 1.0ms (1 query, 0 cached) | GC: 0.0ms)


Started GET "/api/v1/forms/login-form" for 192.168.65.1 at 2026-03-21 15:40:45 +0000
Processing by Api::V1::FormsController#show as HTML
  Parameters: {"slug"=>"login-form"}
  [1m[36mFormSchema Load (0.9ms)[0m  [1m[34mSELECT `form_schemas`.* FROM `form_schemas` WHERE `form_schemas`.`slug` = 'login-form' AND `form_schemas`.`active` = TRUE LIMIT 1 /*action='show',application='BoilerplateRailsApi',controller='forms'*/[0m
  ↳ app/domains/forms/repositories/form_schema_repository.rb:8:in `find_by_slug'
Completed 200 OK in 10ms (Views: 0.1ms | ActiveRecord: 0.9ms (1 query, 0 cached) | GC: 0.0ms)


Started GET "/api/v1/auth/google" for 192.168.65.1 at 2026-03-21 15:40:59 +0000
Redirected to http://localhost:3000/auth/google_oauth2
Completed 301 Moved Permanently in 1ms


Started GET "/auth/google_oauth2" for 192.168.65.1 at 2026-03-21 15:40:59 +0000
(google_oauth2) Request phase initiated.
Started GET "/auth/google_oauth2/callback?state=007f673f3ff7fbc9190dece56ace10b42cfee809c34421c9&iss=https%3A%2F%2Faccounts.google.com&code=4%2F0AfrIepBdwH10hoaEHkNZHynqUv3GpjeuYMfYcK9QM5kcfjsRVJFNe9XPY1fLaZY7cCPN_A&scope=email+profile+https%3A%2F%2Fwww.googleapis.com%2Fauth%2Fuserinfo.email+https%3A%2F%2Fwww.googleapis.com%2Fauth%2Fuserinfo.profile+openid&authuser=0&hd=cincoveinticinco.com&prompt=none" for 192.168.65.1 at 2026-03-21 15:41:02 +0000
(google_oauth2) Callback phase initiated.
Processing by Api::V1::OauthController#google_callback as HTML
  Parameters: {"state"=>"007f673f3ff7fbc9190dece56ace10b42cfee809c34421c9", "iss"=>"https://accounts.google.com", "code"=>"4/0AfrIepBdwH10hoaEHkNZHynqUv3GpjeuYMfYcK9QM5kcfjsRVJFNe9XPY1fLaZY7cCPN_A", "scope"=>"email profile https://www.googleapis.com/auth/userinfo.email https://www.googleapis.com/auth/userinfo.profile openid", "authuser"=>"0", "hd"=>"cincoveinticinco.com", "prompt"=>"none"}
  [1m[36mUser Load (0.8ms)[0m  [1m[34mSELECT `users`.* FROM `users` WHERE `users`.`google_uid` = '103522933956856340115' LIMIT 1 /*action='google_callback',application='BoilerplateRailsApi',controller='oauth'*/[0m
  ↳ app/domains/auth/repositories/user_repository.rb:23:in `find_or_create_from_google'
  [1m[36mUser Load (0.4ms)[0m  [1m[34mSELECT `users`.* FROM `users` WHERE `users`.`email` = 'daniel.c@cincoveinticinco.com' LIMIT 1 /*action='google_callback',application='BoilerplateRailsApi',controller='oauth'*/[0m
  ↳ app/domains/auth/repositories/user_repository.rb:26:in `find_or_create_from_google'
  [1m[36mTRANSACTION (0.3ms)[0m  [1m[35mBEGIN /*action='google_callback',application='BoilerplateRailsApi',controller='oauth'*/[0m
  ↳ app/domains/auth/repositories/user_repository.rb:35:in `find_or_create_from_google'
  [1m[36mUser Exists? (2.5ms)[0m  [1m[34mSELECT 1 AS one FROM `users` WHERE `users`.`email` = 'daniel.c@cincoveinticinco.com' LIMIT 1 /*action='google_callback',application='BoilerplateRailsApi',controller='oauth'*/[0m
  ↳ app/domains/auth/repositories/user_repository.rb:35:in `find_or_create_from_google'
  [1m[36mUser Create (0.8ms)[0m  [1m[32mINSERT INTO `users` (`email`, `encrypted_password`, `name`, `refresh_token_hash`, `refresh_token_expires_at`, `confirmed_at`, `created_at`, `updated_at`, `super_admin`, `google_uid`, `avatar_url`, `auth_provider`) VALUES ('daniel.c@cincoveinticinco.com', NULL, 'Daniel Carrera', NULL, NULL, '2026-03-21 15:41:03.664643', '2026-03-21 15:41:03.672007', '2026-03-21 15:41:03.672007', FALSE, '103522933956856340115', 'https://lh3.googleusercontent.com/a/ACg8ocI34k_X6jocBQOv0X44VMbcVUBMFlCAQsBGJcy4emX3nbdQqbg=s200-c', 'google') RETURNING `id` /*action='google_callback',application='BoilerplateRailsApi',controller='oauth'*/[0m
  ↳ app/domains/auth/repositories/user_repository.rb:35:in `find_or_create_from_google'
  [1m[36mTRANSACTION (0.3ms)[0m  [1m[31mROLLBACK /*action='google_callback',application='BoilerplateRailsApi',controller='oauth'*/[0m
  ↳ app/domains/auth/repositories/user_repository.rb:35:in `find_or_create_from_google'
OAuth error: Mysql2::Error: Column 'encrypted_password' cannot be null
Redirected to http://localhost:5173/auth/callback?error=server_error
Completed 302 Found in 22ms (ActiveRecord: 5.0ms (4 queries, 0 cached) | GC: 0.0ms)


Started GET "/api/v1/forms/login-form" for 192.168.65.1 at 2026-03-21 15:41:04 +0000
Processing by Api::V1::FormsController#show as HTML
  Parameters: {"slug"=>"login-form"}
  [1m[36mFormSchema Load (0.6ms)[0m  [1m[34mSELECT `form_schemas`.* FROM `form_schemas` WHERE `form_schemas`.`slug` = 'login-form' AND `form_schemas`.`active` = TRUE LIMIT 1 /*action='show',application='BoilerplateRailsApi',controller='forms'*/[0m
  ↳ app/domains/forms/repositories/form_schema_repository.rb:8:in `find_by_slug'
Completed 200 OK in 25ms (Views: 10.0ms | ActiveRecord: 0.6ms (1 query, 0 cached) | GC: 0.0ms)


Started GET "/api/v1/forms/login-form" for 192.168.65.1 at 2026-03-21 15:41:04 +0000
Processing by Api::V1::FormsController#show as HTML
  Parameters: {"slug"=>"login-form"}
  [1m[36mFormSchema Load (0.7ms)[0m  [1m[34mSELECT `form_schemas`.* FROM `form_schemas` WHERE `form_schemas`.`slug` = 'login-form' AND `form_schemas`.`active` = TRUE LIMIT 1 /*action='show',application='BoilerplateRailsApi',controller='forms'*/[0m
  ↳ app/domains/forms/repositories/form_schema_repository.rb:8:in `find_by_slug'
Completed 200 OK in 4ms (Views: 0.2ms | ActiveRecord: 0.7ms (1 query, 0 cached) | GC: 0.0ms)


Started GET "/api/v1/auth/google" for 192.168.65.1 at 2026-03-21 15:41:17 +0000
Redirected to http://localhost:3000/auth/google_oauth2
Completed 301 Moved Permanently in 0ms


Started GET "/auth/google_oauth2" for 192.168.65.1 at 2026-03-21 15:41:17 +0000
(google_oauth2) Request phase initiated.
Started GET "/auth/google_oauth2/callback?state=fa58ab4cd77c253993c327c74008938ae094b00e1fde46f4&iss=https%3A%2F%2Faccounts.google.com&code=4%2F0AfrIepDXkAgTpBwxrQIXGLQHnzbc8b5kw0cimIiUAIcHuQ1KbPR1Nil_XarMvNrMeSouNg&scope=email+profile+https%3A%2F%2Fwww.googleapis.com%2Fauth%2Fuserinfo.email+https%3A%2F%2Fwww.googleapis.com%2Fauth%2Fuserinfo.profile+openid&authuser=0&hd=cincoveinticinco.com&prompt=none" for 192.168.65.1 at 2026-03-21 15:41:23 +0000
(google_oauth2) Callback phase initiated.
Processing by Api::V1::OauthController#google_callback as HTML
  Parameters: {"state"=>"fa58ab4cd77c253993c327c74008938ae094b00e1fde46f4", "iss"=>"https://accounts.google.com", "code"=>"4/0AfrIepDXkAgTpBwxrQIXGLQHnzbc8b5kw0cimIiUAIcHuQ1KbPR1Nil_XarMvNrMeSouNg", "scope"=>"email profile https://www.googleapis.com/auth/userinfo.email https://www.googleapis.com/auth/userinfo.profile openid", "authuser"=>"0", "hd"=>"cincoveinticinco.com", "prompt"=>"none"}
  [1m[36mUser Load (1.0ms)[0m  [1m[34mSELECT `users`.* FROM `users` WHERE `users`.`google_uid` = '103522933956856340115' LIMIT 1 /*action='google_callback',application='BoilerplateRailsApi',controller='oauth'*/[0m
  ↳ app/domains/auth/repositories/user_repository.rb:23:in `find_or_create_from_google'
  [1m[36mUser Load (0.7ms)[0m  [1m[34mSELECT `users`.* FROM `users` WHERE `users`.`email` = 'daniel.c@cincoveinticinco.com' LIMIT 1 /*action='google_callback',application='BoilerplateRailsApi',controller='oauth'*/[0m
  ↳ app/domains/auth/repositories/user_repository.rb:26:in `find_or_create_from_google'
  [1m[36mTRANSACTION (0.4ms)[0m  [1m[35mBEGIN /*action='google_callback',application='BoilerplateRailsApi',controller='oauth'*/[0m
  ↳ app/domains/auth/repositories/user_repository.rb:35:in `find_or_create_from_google'
  [1m[36mUser Exists? (6.0ms)[0m  [1m[34mSELECT 1 AS one FROM `users` WHERE `users`.`email` = 'daniel.c@cincoveinticinco.com' LIMIT 1 /*action='google_callback',application='BoilerplateRailsApi',controller='oauth'*/[0m
  ↳ app/domains/auth/repositories/user_repository.rb:35:in `find_or_create_from_google'
  [1m[36mUser Create (1.2ms)[0m  [1m[32mINSERT INTO `users` (`email`, `encrypted_password`, `name`, `refresh_token_hash`, `refresh_token_expires_at`, `confirmed_at`, `created_at`, `updated_at`, `super_admin`, `google_uid`, `avatar_url`, `auth_provider`) VALUES ('daniel.c@cincoveinticinco.com', NULL, 'Daniel Carrera', NULL, NULL, '2026-03-21 15:41:24.120367', '2026-03-21 15:41:24.131868', '2026-03-21 15:41:24.131868', FALSE, '103522933956856340115', 'https://lh3.googleusercontent.com/a/ACg8ocI34k_X6jocBQOv0X44VMbcVUBMFlCAQsBGJcy4emX3nbdQqbg=s200-c', 'google') RETURNING `id` /*action='google_callback',application='BoilerplateRailsApi',controller='oauth'*/[0m
  ↳ app/domains/auth/repositories/user_repository.rb:35:in `find_or_create_from_google'
  [1m[36mTRANSACTION (0.4ms)[0m  [1m[31mROLLBACK /*action='google_callback',application='BoilerplateRailsApi',controller='oauth'*/[0m
  ↳ app/domains/auth/repositories/user_repository.rb:35:in `find_or_create_from_google'
OAuth error: Mysql2::Error: Column 'encrypted_password' cannot be null
Redirected to http://localhost:5173/auth/callback?error=server_error
Completed 302 Found in 27ms (ActiveRecord: 9.6ms (4 queries, 0 cached) | GC: 2.2ms)


Started GET "/auth/google_oauth2/callback?state=fa58ab4cd77c253993c327c74008938ae094b00e1fde46f4&iss=https%3A%2F%2Faccounts.google.com&code=4%2F0AfrIepCZj87j10H-0b5O_6Q1sM28sri2ZlFGGtE9HwqPwdFyF9_xcn4kRMTT9xWRpCtleA&scope=email+profile+https%3A%2F%2Fwww.googleapis.com%2Fauth%2Fuserinfo.profile+https%3A%2F%2Fwww.googleapis.com%2Fauth%2Fuserinfo.email+openid&authuser=0&hd=cincoveinticinco.com&prompt=none" for 192.168.65.1 at 2026-03-21 15:41:25 +0000
(google_oauth2) Callback phase initiated.
Processing by Api::V1::OauthController#google_callback as HTML
  Parameters: {"state"=>"fa58ab4cd77c253993c327c74008938ae094b00e1fde46f4", "iss"=>"https://accounts.google.com", "code"=>"4/0AfrIepCZj87j10H-0b5O_6Q1sM28sri2ZlFGGtE9HwqPwdFyF9_xcn4kRMTT9xWRpCtleA", "scope"=>"email profile https://www.googleapis.com/auth/userinfo.profile https://www.googleapis.com/auth/userinfo.email openid", "authuser"=>"0", "hd"=>"cincoveinticinco.com", "prompt"=>"none"}
  [1m[36mUser Load (1.0ms)[0m  [1m[34mSELECT `users`.* FROM `users` WHERE `users`.`google_uid` = '103522933956856340115' LIMIT 1 /*action='google_callback',application='BoilerplateRailsApi',controller='oauth'*/[0m
  ↳ app/domains/auth/repositories/user_repository.rb:23:in `find_or_create_from_google'
  [1m[36mUser Load (0.4ms)[0m  [1m[34mSELECT `users`.* FROM `users` WHERE `users`.`email` = 'daniel.c@cincoveinticinco.com' LIMIT 1 /*action='google_callback',application='BoilerplateRailsApi',controller='oauth'*/[0m
  ↳ app/domains/auth/repositories/user_repository.rb:26:in `find_or_create_from_google'
  [1m[36mTRANSACTION (0.4ms)[0m  [1m[35mBEGIN /*action='google_callback',application='BoilerplateRailsApi',controller='oauth'*/[0m
  ↳ app/domains/auth/repositories/user_repository.rb:35:in `find_or_create_from_google'
  [1m[36mUser Exists? (3.7ms)[0m  [1m[34mSELECT 1 AS one FROM `users` WHERE `users`.`email` = 'daniel.c@cincoveinticinco.com' LIMIT 1 /*action='google_callback',application='BoilerplateRailsApi',controller='oauth'*/[0m
  ↳ app/domains/auth/repositories/user_repository.rb:35:in `find_or_create_from_google'
  [1m[36mUser Create (2.9ms)[0m  [1m[32mINSERT INTO `users` (`email`, `encrypted_password`, `name`, `refresh_token_hash`, `refresh_token_expires_at`, `confirmed_at`, `created_at`, `updated_at`, `super_admin`, `google_uid`, `avatar_url`, `auth_provider`) VALUES ('daniel.c@cincoveinticinco.com', NULL, 'Daniel Carrera', NULL, NULL, '2026-03-21 15:41:26.220798', '2026-03-21 15:41:26.228406', '2026-03-21 15:41:26.228406', FALSE, '103522933956856340115', 'https://lh3.googleusercontent.com/a/ACg8ocI34k_X6jocBQOv0X44VMbcVUBMFlCAQsBGJcy4emX3nbdQqbg=s200-c', 'google') RETURNING `id` /*action='google_callback',application='BoilerplateRailsApi',controller='oauth'*/[0m
  ↳ app/domains/auth/repositories/user_repository.rb:35:in `find_or_create_from_google'
  [1m[36mTRANSACTION (0.2ms)[0m  [1m[31mROLLBACK /*action='google_callback',application='BoilerplateRailsApi',controller='oauth'*/[0m
  ↳ app/domains/auth/repositories/user_repository.rb:35:in `find_or_create_from_google'
OAuth error: Mysql2::Error: Column 'encrypted_password' cannot be null
Redirected to http://localhost:5173/auth/callback?error=server_error
Completed 302 Found in 29ms (ActiveRecord: 8.7ms (4 queries, 0 cached) | GC: 2.0ms)


Started GET "/api/v1/forms/login-form" for 192.168.65.1 at 2026-03-21 15:41:26 +0000
Processing by Api::V1::FormsController#show as HTML
  Parameters: {"slug"=>"login-form"}
  [1m[36mFormSchema Load (0.5ms)[0m  [1m[34mSELECT `form_schemas`.* FROM `form_schemas` WHERE `form_schemas`.`slug` = 'login-form' AND `form_schemas`.`active` = TRUE LIMIT 1 /*action='show',application='BoilerplateRailsApi',controller='forms'*/[0m
  ↳ app/domains/forms/repositories/form_schema_repository.rb:8:in `find_by_slug'
Completed 200 OK in 11ms (Views: 0.1ms | ActiveRecord: 0.5ms (1 query, 0 cached) | GC: 7.2ms)


Started GET "/api/v1/forms/login-form" for 192.168.65.1 at 2026-03-21 15:41:26 +0000
Processing by Api::V1::FormsController#show as HTML
  Parameters: {"slug"=>"login-form"}
  [1m[36mFormSchema Load (0.8ms)[0m  [1m[34mSELECT `form_schemas`.* FROM `form_schemas` WHERE `form_schemas`.`slug` = 'login-form' AND `form_schemas`.`active` = TRUE LIMIT 1 /*action='show',application='BoilerplateRailsApi',controller='forms'*/[0m
  ↳ app/domains/forms/repositories/form_schema_repository.rb:8:in `find_by_slug'
Completed 200 OK in 4ms (Views: 0.2ms | ActiveRecord: 0.8ms (1 query, 0 cached) | GC: 0.0ms)


Started GET "/api/v1/auth/google" for 192.168.65.1 at 2026-03-21 15:50:40 +0000
Redirected to http://localhost:3000/auth/google_oauth2
Completed 301 Moved Permanently in 1ms


Started GET "/auth/google_oauth2" for 192.168.65.1 at 2026-03-21 15:50:40 +0000
(google_oauth2) Request phase initiated.
Started GET "/auth/google_oauth2/callback?state=00d3df5f3c3de317b2b8afa3ce4e5a19bcb412f738a118ff&iss=https%3A%2F%2Faccounts.google.com&code=4%2F0AfrIepARLsgDFcINd7Batud3r39O5sgWyZ190JT-Z-yNPFOEIGSwz0_854-AHJUdgOF_3A&scope=email+profile+https%3A%2F%2Fwww.googleapis.com%2Fauth%2Fuserinfo.profile+https%3A%2F%2Fwww.googleapis.com%2Fauth%2Fuserinfo.email+openid&authuser=0&hd=cincoveinticinco.com&prompt=none" for 192.168.65.1 at 2026-03-21 15:50:44 +0000
(google_oauth2) Callback phase initiated.
Processing by Api::V1::OauthController#google_callback as HTML
  Parameters: {"state"=>"00d3df5f3c3de317b2b8afa3ce4e5a19bcb412f738a118ff", "iss"=>"https://accounts.google.com", "code"=>"4/0AfrIepARLsgDFcINd7Batud3r39O5sgWyZ190JT-Z-yNPFOEIGSwz0_854-AHJUdgOF_3A", "scope"=>"email profile https://www.googleapis.com/auth/userinfo.profile https://www.googleapis.com/auth/userinfo.email openid", "authuser"=>"0", "hd"=>"cincoveinticinco.com", "prompt"=>"none"}
  [1m[36mUser Load (0.6ms)[0m  [1m[34mSELECT `users`.* FROM `users` WHERE `users`.`google_uid` = '103522933956856340115' LIMIT 1 /*action='google_callback',application='BoilerplateRailsApi',controller='oauth'*/[0m
  ↳ app/domains/auth/repositories/user_repository.rb:23:in `find_or_create_from_google'
  [1m[36mUser Load (0.7ms)[0m  [1m[34mSELECT `users`.* FROM `users` WHERE `users`.`email` = 'daniel.c@cincoveinticinco.com' LIMIT 1 /*action='google_callback',application='BoilerplateRailsApi',controller='oauth'*/[0m
  ↳ app/domains/auth/repositories/user_repository.rb:26:in `find_or_create_from_google'
  [1m[36mTRANSACTION (0.3ms)[0m  [1m[35mBEGIN /*action='google_callback',application='BoilerplateRailsApi',controller='oauth'*/[0m
  ↳ app/domains/auth/repositories/user_repository.rb:35:in `find_or_create_from_google'
  [1m[36mUser Exists? (3.4ms)[0m  [1m[34mSELECT 1 AS one FROM `users` WHERE `users`.`email` = 'daniel.c@cincoveinticinco.com' LIMIT 1 /*action='google_callback',application='BoilerplateRailsApi',controller='oauth'*/[0m
  ↳ app/domains/auth/repositories/user_repository.rb:35:in `find_or_create_from_google'
  [1m[36mUser Create (1.1ms)[0m  [1m[32mINSERT INTO `users` (`email`, `encrypted_password`, `name`, `refresh_token_hash`, `refresh_token_expires_at`, `confirmed_at`, `created_at`, `updated_at`, `super_admin`, `google_uid`, `avatar_url`, `auth_provider`) VALUES ('daniel.c@cincoveinticinco.com', NULL, 'Daniel Carrera', NULL, NULL, '2026-03-21 15:50:45.564586', '2026-03-21 15:50:45.587789', '2026-03-21 15:50:45.587789', FALSE, '103522933956856340115', 'https://lh3.googleusercontent.com/a/ACg8ocI34k_X6jocBQOv0X44VMbcVUBMFlCAQsBGJcy4emX3nbdQqbg=s200-c', 'google') RETURNING `id` /*action='google_callback',application='BoilerplateRailsApi',controller='oauth'*/[0m
  ↳ app/domains/auth/repositories/user_repository.rb:35:in `find_or_create_from_google'
  [1m[36mTRANSACTION (0.4ms)[0m  [1m[31mROLLBACK /*action='google_callback',application='BoilerplateRailsApi',controller='oauth'*/[0m
  ↳ app/domains/auth/repositories/user_repository.rb:35:in `find_or_create_from_google'
OAuth error: Mysql2::Error: Column 'encrypted_password' cannot be null
Redirected to http://localhost:5173/auth/callback?error=server_error
Completed 302 Found in 48ms (ActiveRecord: 7.5ms (4 queries, 0 cached) | GC: 11.7ms)


Started GET "/api/v1/forms/login-form" for 192.168.65.1 at 2026-03-21 15:50:46 +0000
Processing by Api::V1::FormsController#show as HTML
  Parameters: {"slug"=>"login-form"}
  [1m[36mFormSchema Load (0.9ms)[0m  [1m[34mSELECT `form_schemas`.* FROM `form_schemas` WHERE `form_schemas`.`slug` = 'login-form' AND `form_schemas`.`active` = TRUE LIMIT 1 /*action='show',application='BoilerplateRailsApi',controller='forms'*/[0m
  ↳ app/domains/forms/repositories/form_schema_repository.rb:8:in `find_by_slug'
Completed 200 OK in 11ms (Views: 0.2ms | ActiveRecord: 0.9ms (1 query, 0 cached) | GC: 0.0ms)


Started GET "/api/v1/forms/login-form" for 192.168.65.1 at 2026-03-21 15:50:46 +0000
Processing by Api::V1::FormsController#show as HTML
  Parameters: {"slug"=>"login-form"}
  [1m[36mFormSchema Load (1.2ms)[0m  [1m[34mSELECT `form_schemas`.* FROM `form_schemas` WHERE `form_schemas`.`slug` = 'login-form' AND `form_schemas`.`active` = TRUE LIMIT 1 /*action='show',application='BoilerplateRailsApi',controller='forms'*/[0m
  ↳ app/domains/forms/repositories/form_schema_repository.rb:8:in `find_by_slug'
Completed 200 OK in 5ms (Views: 0.2ms | ActiveRecord: 1.2ms (1 query, 0 cached) | GC: 0.0ms)


Started GET "/api/v1/forms/login-form" for 192.168.65.1 at 2026-03-21 15:50:53 +0000
Processing by Api::V1::FormsController#show as HTML
  Parameters: {"slug"=>"login-form"}
  [1m[36mFormSchema Load (1.5ms)[0m  [1m[34mSELECT `form_schemas`.* FROM `form_schemas` WHERE `form_schemas`.`slug` = 'login-form' AND `form_schemas`.`active` = TRUE LIMIT 1 /*action='show',application='BoilerplateRailsApi',controller='forms'*/[0m
  ↳ app/domains/forms/repositories/form_schema_repository.rb:8:in `find_by_slug'
Completed 200 OK in 28ms (Views: 0.7ms | ActiveRecord: 1.5ms (1 query, 0 cached) | GC: 0.0ms)


Started GET "/api/v1/forms/login-form" for 192.168.65.1 at 2026-03-21 15:50:53 +0000
Processing by Api::V1::FormsController#show as HTML
  Parameters: {"slug"=>"login-form"}
  [1m[36mFormSchema Load (1.0ms)[0m  [1m[34mSELECT `form_schemas`.* FROM `form_schemas` WHERE `form_schemas`.`slug` = 'login-form' AND `form_schemas`.`active` = TRUE LIMIT 1 /*action='show',application='BoilerplateRailsApi',controller='forms'*/[0m
  ↳ app/domains/forms/repositories/form_schema_repository.rb:8:in `find_by_slug'
Completed 200 OK in 5ms (Views: 0.4ms | ActiveRecord: 1.1ms (1 query, 0 cached) | GC: 0.0ms)


Started GET "/api/v1/forms/login-form" for 192.168.65.1 at 2026-03-21 15:51:56 +0000
Processing by Api::V1::FormsController#show as HTML
  Parameters: {"slug"=>"login-form"}
  [1m[36mFormSchema Load (1.2ms)[0m  [1m[34mSELECT `form_schemas`.* FROM `form_schemas` WHERE `form_schemas`.`slug` = 'login-form' AND `form_schemas`.`active` = TRUE LIMIT 1 /*action='show',application='BoilerplateRailsApi',controller='forms'*/[0m
  ↳ app/domains/forms/repositories/form_schema_repository.rb:8:in `find_by_slug'
Completed 200 OK in 5ms (Views: 0.1ms | ActiveRecord: 1.2ms (1 query, 0 cached) | GC: 0.0ms)


Started GET "/api/v1/forms/login-form" for 192.168.65.1 at 2026-03-21 15:51:57 +0000
Processing by Api::V1::FormsController#show as HTML
  Parameters: {"slug"=>"login-form"}
  [1m[36mFormSchema Load (4.5ms)[0m  [1m[34mSELECT `form_schemas`.* FROM `form_schemas` WHERE `form_schemas`.`slug` = 'login-form' AND `form_schemas`.`active` = TRUE LIMIT 1 /*action='show',application='BoilerplateRailsApi',controller='forms'*/[0m
  ↳ app/domains/forms/repositories/form_schema_repository.rb:8:in `find_by_slug'
Completed 200 OK in 12ms (Views: 0.2ms | ActiveRecord: 4.4ms (1 query, 0 cached) | GC: 0.0ms)


Started GET "/api/v1/auth/google" for 192.168.65.1 at 2026-03-21 15:51:59 +0000
Redirected to http://localhost:3000/auth/google_oauth2
Completed 301 Moved Permanently in 0ms


Started GET "/auth/google_oauth2" for 192.168.65.1 at 2026-03-21 15:51:59 +0000
(google_oauth2) Request phase initiated.
Started GET "/auth/google_oauth2/callback?state=c18d1b9d0e263fd1414b0ccd3b8258cd8d499884a170ce81&iss=https%3A%2F%2Faccounts.google.com&code=4%2F0AfrIepABbxyOo56pZ-7EsDtZ1UIK_qY57cY3op4DIMY_XKc5pB0WuXaWD9R0N-m3Arlpzg&scope=email+profile+https%3A%2F%2Fwww.googleapis.com%2Fauth%2Fuserinfo.profile+openid+https%3A%2F%2Fwww.googleapis.com%2Fauth%2Fuserinfo.email&authuser=0&hd=cincoveinticinco.com&prompt=none" for 192.168.65.1 at 2026-03-21 15:52:03 +0000
(google_oauth2) Callback phase initiated.
Processing by Api::V1::OauthController#google_callback as HTML
  Parameters: {"state"=>"c18d1b9d0e263fd1414b0ccd3b8258cd8d499884a170ce81", "iss"=>"https://accounts.google.com", "code"=>"4/0AfrIepABbxyOo56pZ-7EsDtZ1UIK_qY57cY3op4DIMY_XKc5pB0WuXaWD9R0N-m3Arlpzg", "scope"=>"email profile https://www.googleapis.com/auth/userinfo.profile openid https://www.googleapis.com/auth/userinfo.email", "authuser"=>"0", "hd"=>"cincoveinticinco.com", "prompt"=>"none"}
  [1m[36mUser Load (1.5ms)[0m  [1m[34mSELECT `users`.* FROM `users` WHERE `users`.`google_uid` = '103522933956856340115' LIMIT 1 /*action='google_callback',application='BoilerplateRailsApi',controller='oauth'*/[0m
  ↳ app/domains/auth/repositories/user_repository.rb:23:in `find_or_create_from_google'
  [1m[36mUser Load (0.5ms)[0m  [1m[34mSELECT `users`.* FROM `users` WHERE `users`.`email` = 'daniel.c@cincoveinticinco.com' LIMIT 1 /*action='google_callback',application='BoilerplateRailsApi',controller='oauth'*/[0m
  ↳ app/domains/auth/repositories/user_repository.rb:26:in `find_or_create_from_google'
  [1m[36mTRANSACTION (0.4ms)[0m  [1m[35mBEGIN /*action='google_callback',application='BoilerplateRailsApi',controller='oauth'*/[0m
  ↳ app/domains/auth/repositories/user_repository.rb:35:in `find_or_create_from_google'
  [1m[36mUser Exists? (3.5ms)[0m  [1m[34mSELECT 1 AS one FROM `users` WHERE `users`.`email` = 'daniel.c@cincoveinticinco.com' LIMIT 1 /*action='google_callback',application='BoilerplateRailsApi',controller='oauth'*/[0m
  ↳ app/domains/auth/repositories/user_repository.rb:35:in `find_or_create_from_google'
  [1m[36mUser Create (0.7ms)[0m  [1m[32mINSERT INTO `users` (`email`, `encrypted_password`, `name`, `refresh_token_hash`, `refresh_token_expires_at`, `confirmed_at`, `created_at`, `updated_at`, `super_admin`, `google_uid`, `avatar_url`, `auth_provider`) VALUES ('daniel.c@cincoveinticinco.com', NULL, 'Daniel Carrera', NULL, NULL, '2026-03-21 15:52:04.207893', '2026-03-21 15:52:04.219176', '2026-03-21 15:52:04.219176', FALSE, '103522933956856340115', 'https://lh3.googleusercontent.com/a/ACg8ocI34k_X6jocBQOv0X44VMbcVUBMFlCAQsBGJcy4emX3nbdQqbg=s200-c', 'google') RETURNING `id` /*action='google_callback',application='BoilerplateRailsApi',controller='oauth'*/[0m
  ↳ app/domains/auth/repositories/user_repository.rb:35:in `find_or_create_from_google'
  [1m[36mTRANSACTION (0.4ms)[0m  [1m[31mROLLBACK /*action='google_callback',application='BoilerplateRailsApi',controller='oauth'*/[0m
  ↳ app/domains/auth/repositories/user_repository.rb:35:in `find_or_create_from_google'
OAuth error: Mysql2::Error: Column 'encrypted_password' cannot be null
Redirected to http://localhost:5173/auth/callback?error=server_error
Completed 302 Found in 28ms (ActiveRecord: 6.9ms (4 queries, 0 cached) | GC: 0.0ms)


Started GET "/api/v1/forms/login-form" for 192.168.65.1 at 2026-03-21 15:52:04 +0000
Processing by Api::V1::FormsController#show as HTML
  Parameters: {"slug"=>"login-form"}
  [1m[36mFormSchema Load (1.1ms)[0m  [1m[34mSELECT `form_schemas`.* FROM `form_schemas` WHERE `form_schemas`.`slug` = 'login-form' AND `form_schemas`.`active` = TRUE LIMIT 1 /*action='show',application='BoilerplateRailsApi',controller='forms'*/[0m
  ↳ app/domains/forms/repositories/form_schema_repository.rb:8:in `find_by_slug'
Completed 200 OK in 41ms (Views: 0.2ms | ActiveRecord: 1.0ms (1 query, 0 cached) | GC: 0.0ms)


Started GET "/api/v1/forms/login-form" for 192.168.65.1 at 2026-03-21 15:52:05 +0000
Processing by Api::V1::FormsController#show as HTML
  Parameters: {"slug"=>"login-form"}
  [1m[36mFormSchema Load (0.8ms)[0m  [1m[34mSELECT `form_schemas`.* FROM `form_schemas` WHERE `form_schemas`.`slug` = 'login-form' AND `form_schemas`.`active` = TRUE LIMIT 1 /*action='show',application='BoilerplateRailsApi',controller='forms'*/[0m
  ↳ app/domains/forms/repositories/form_schema_repository.rb:8:in `find_by_slug'
Completed 200 OK in 3ms (Views: 0.1ms | ActiveRecord: 0.8ms (1 query, 0 cached) | GC: 0.0ms)


Started GET "/api/v1/forms/login-form" for 192.168.65.1 at 2026-03-21 15:52:34 +0000
Processing by Api::V1::FormsController#show as HTML
  Parameters: {"slug"=>"login-form"}
  [1m[36mFormSchema Load (1.5ms)[0m  [1m[34mSELECT `form_schemas`.* FROM `form_schemas` WHERE `form_schemas`.`slug` = 'login-form' AND `form_schemas`.`active` = TRUE LIMIT 1 /*action='show',application='BoilerplateRailsApi',controller='forms'*/[0m
  ↳ app/domains/forms/repositories/form_schema_repository.rb:8:in `find_by_slug'
Completed 200 OK in 24ms (Views: 0.1ms | ActiveRecord: 1.4ms (1 query, 0 cached) | GC: 1.3ms)


Started GET "/api/v1/forms/login-form" for 192.168.65.1 at 2026-03-21 15:52:34 +0000
Processing by Api::V1::FormsController#show as HTML
  Parameters: {"slug"=>"login-form"}
  [1m[36mFormSchema Load (0.6ms)[0m  [1m[34mSELECT `form_schemas`.* FROM `form_schemas` WHERE `form_schemas`.`slug` = 'login-form' AND `form_schemas`.`active` = TRUE LIMIT 1 /*action='show',application='BoilerplateRailsApi',controller='forms'*/[0m
  ↳ app/domains/forms/repositories/form_schema_repository.rb:8:in `find_by_slug'
Completed 200 OK in 3ms (Views: 0.1ms | ActiveRecord: 0.6ms (1 query, 0 cached) | GC: 0.0ms)


Started GET "/api/v1/auth/google" for 192.168.65.1 at 2026-03-21 15:54:38 +0000
Redirected to http://localhost:3000/auth/google_oauth2
Completed 301 Moved Permanently in 1ms


Started GET "/auth/google_oauth2" for 192.168.65.1 at 2026-03-21 15:54:38 +0000
(google_oauth2) Request phase initiated.
Started GET "/auth/google_oauth2/callback?state=510cb82cfb3ca4bbb6491adc3b36989a6238244fb6b58ccb&iss=https%3A%2F%2Faccounts.google.com&code=4%2F0AfrIepAeMy_ZkZhdo4172lg_dCRUHGoFfDV0XswYD3zsOqdDu6cp_he78mlova_h01tqmQ&scope=email+profile+https%3A%2F%2Fwww.googleapis.com%2Fauth%2Fuserinfo.profile+https%3A%2F%2Fwww.googleapis.com%2Fauth%2Fuserinfo.email+openid&authuser=0&hd=cincoveinticinco.com&prompt=none" for 192.168.65.1 at 2026-03-21 15:54:42 +0000
(google_oauth2) Callback phase initiated.
Processing by Api::V1::OauthController#google_callback as HTML
  Parameters: {"state"=>"510cb82cfb3ca4bbb6491adc3b36989a6238244fb6b58ccb", "iss"=>"https://accounts.google.com", "code"=>"4/0AfrIepAeMy_ZkZhdo4172lg_dCRUHGoFfDV0XswYD3zsOqdDu6cp_he78mlova_h01tqmQ", "scope"=>"email profile https://www.googleapis.com/auth/userinfo.profile https://www.googleapis.com/auth/userinfo.email openid", "authuser"=>"0", "hd"=>"cincoveinticinco.com", "prompt"=>"none"}
  [1m[36mUser Load (0.9ms)[0m  [1m[34mSELECT `users`.* FROM `users` WHERE `users`.`google_uid` = '103522933956856340115' LIMIT 1 /*action='google_callback',application='BoilerplateRailsApi',controller='oauth'*/[0m
  ↳ app/domains/auth/repositories/user_repository.rb:23:in `find_or_create_from_google'
  [1m[36mUser Load (0.8ms)[0m  [1m[34mSELECT `users`.* FROM `users` WHERE `users`.`email` = 'daniel.c@cincoveinticinco.com' LIMIT 1 /*action='google_callback',application='BoilerplateRailsApi',controller='oauth'*/[0m
  ↳ app/domains/auth/repositories/user_repository.rb:26:in `find_or_create_from_google'
  [1m[36mTRANSACTION (0.3ms)[0m  [1m[35mBEGIN /*action='google_callback',application='BoilerplateRailsApi',controller='oauth'*/[0m
  ↳ app/domains/auth/repositories/user_repository.rb:35:in `find_or_create_from_google'
  [1m[36mUser Exists? (2.7ms)[0m  [1m[34mSELECT 1 AS one FROM `users` WHERE `users`.`email` = 'daniel.c@cincoveinticinco.com' LIMIT 1 /*action='google_callback',application='BoilerplateRailsApi',controller='oauth'*/[0m
  ↳ app/domains/auth/repositories/user_repository.rb:35:in `find_or_create_from_google'
  [1m[36mUser Create (0.6ms)[0m  [1m[32mINSERT INTO `users` (`email`, `encrypted_password`, `name`, `refresh_token_hash`, `refresh_token_expires_at`, `confirmed_at`, `created_at`, `updated_at`, `super_admin`, `google_uid`, `avatar_url`, `auth_provider`) VALUES ('daniel.c@cincoveinticinco.com', NULL, 'Daniel Carrera', NULL, NULL, '2026-03-21 15:54:42.931392', '2026-03-21 15:54:42.942227', '2026-03-21 15:54:42.942227', FALSE, '103522933956856340115', 'https://lh3.googleusercontent.com/a/ACg8ocI34k_X6jocBQOv0X44VMbcVUBMFlCAQsBGJcy4emX3nbdQqbg=s200-c', 'google') RETURNING `id` /*action='google_callback',application='BoilerplateRailsApi',controller='oauth'*/[0m
  ↳ app/domains/auth/repositories/user_repository.rb:35:in `find_or_create_from_google'
  [1m[36mTRANSACTION (0.4ms)[0m  [1m[31mROLLBACK /*action='google_callback',application='BoilerplateRailsApi',controller='oauth'*/[0m
  ↳ app/domains/auth/repositories/user_repository.rb:35:in `find_or_create_from_google'
OAuth error: Mysql2::Error: Column 'encrypted_password' cannot be null
Redirected to http://localhost:5173/auth/callback?error=server_error
Completed 302 Found in 30ms (ActiveRecord: 5.5ms (4 queries, 0 cached) | GC: 2.9ms)


Started GET "/api/v1/forms/login-form" for 192.168.65.1 at 2026-03-21 15:54:43 +0000
Processing by Api::V1::FormsController#show as HTML
  Parameters: {"slug"=>"login-form"}
  [1m[36mFormSchema Load (1.0ms)[0m  [1m[34mSELECT `form_schemas`.* FROM `form_schemas` WHERE `form_schemas`.`slug` = 'login-form' AND `form_schemas`.`active` = TRUE LIMIT 1 /*action='show',application='BoilerplateRailsApi',controller='forms'*/[0m
  ↳ app/domains/forms/repositories/form_schema_repository.rb:8:in `find_by_slug'
Completed 200 OK in 5ms (Views: 0.2ms | ActiveRecord: 0.9ms (1 query, 0 cached) | GC: 0.0ms)


Started GET "/api/v1/forms/login-form" for 192.168.65.1 at 2026-03-21 15:54:43 +0000
Processing by Api::V1::FormsController#show as HTML
  Parameters: {"slug"=>"login-form"}
  [1m[36mFormSchema Load (1.4ms)[0m  [1m[34mSELECT `form_schemas`.* FROM `form_schemas` WHERE `form_schemas`.`slug` = 'login-form' AND `form_schemas`.`active` = TRUE LIMIT 1 /*action='show',application='BoilerplateRailsApi',controller='forms'*/[0m
  ↳ app/domains/forms/repositories/form_schema_repository.rb:8:in `find_by_slug'
Completed 200 OK in 5ms (Views: 0.1ms | ActiveRecord: 1.4ms (1 query, 0 cached) | GC: 0.0ms)


Started GET "/api/v1/forms/login-form" for 192.168.65.1 at 2026-03-21 15:54:51 +0000
Processing by Api::V1::FormsController#show as HTML
  Parameters: {"slug"=>"login-form"}
  [1m[36mFormSchema Load (1.2ms)[0m  [1m[34mSELECT `form_schemas`.* FROM `form_schemas` WHERE `form_schemas`.`slug` = 'login-form' AND `form_schemas`.`active` = TRUE LIMIT 1 /*action='show',application='BoilerplateRailsApi',controller='forms'*/[0m
  ↳ app/domains/forms/repositories/form_schema_repository.rb:8:in `find_by_slug'
Completed 200 OK in 4ms (Views: 0.1ms | ActiveRecord: 1.2ms (1 query, 0 cached) | GC: 0.0ms)


Started GET "/api/v1/forms/login-form" for 192.168.65.1 at 2026-03-21 15:54:51 +0000
Processing by Api::V1::FormsController#show as HTML
  Parameters: {"slug"=>"login-form"}
  [1m[36mFormSchema Load (0.7ms)[0m  [1m[34mSELECT `form_schemas`.* FROM `form_schemas` WHERE `form_schemas`.`slug` = 'login-form' AND `form_schemas`.`active` = TRUE LIMIT 1 /*action='show',application='BoilerplateRailsApi',controller='forms'*/[0m
  ↳ app/domains/forms/repositories/form_schema_repository.rb:8:in `find_by_slug'
Completed 200 OK in 3ms (Views: 0.2ms | ActiveRecord: 0.7ms (1 query, 0 cached) | GC: 0.0ms)


Started GET "/api/v1/forms/login-form" for 192.168.65.1 at 2026-03-21 15:54:57 +0000
Processing by Api::V1::FormsController#show as HTML
  Parameters: {"slug"=>"login-form"}
  [1m[36mFormSchema Load (1.2ms)[0m  [1m[34mSELECT `form_schemas`.* FROM `form_schemas` WHERE `form_schemas`.`slug` = 'login-form' AND `form_schemas`.`active` = TRUE LIMIT 1 /*action='show',application='BoilerplateRailsApi',controller='forms'*/[0m
  ↳ app/domains/forms/repositories/form_schema_repository.rb:8:in `find_by_slug'
Completed 200 OK in 4ms (Views: 0.1ms | ActiveRecord: 1.2ms (1 query, 0 cached) | GC: 0.0ms)


Started GET "/api/v1/forms/login-form" for 192.168.65.1 at 2026-03-21 15:54:57 +0000
Processing by Api::V1::FormsController#show as HTML
  Parameters: {"slug"=>"login-form"}
  [1m[36mFormSchema Load (0.9ms)[0m  [1m[34mSELECT `form_schemas`.* FROM `form_schemas` WHERE `form_schemas`.`slug` = 'login-form' AND `form_schemas`.`active` = TRUE LIMIT 1 /*action='show',application='BoilerplateRailsApi',controller='forms'*/[0m
  ↳ app/domains/forms/repositories/form_schema_repository.rb:8:in `find_by_slug'
Completed 200 OK in 4ms (Views: 0.2ms | ActiveRecord: 0.9ms (1 query, 0 cached) | GC: 0.0ms)


Started GET "/api/v1/auth/google" for 192.168.65.1 at 2026-03-21 15:55:02 +0000
Redirected to http://localhost:3000/auth/google_oauth2
Completed 301 Moved Permanently in 0ms


Started GET "/auth/google_oauth2" for 192.168.65.1 at 2026-03-21 15:55:02 +0000
(google_oauth2) Request phase initiated.
Started GET "/auth/google_oauth2/callback?state=d3a5c6844b9fbe2efef9bed7f17cae2c158444cae67d7cea&iss=https%3A%2F%2Faccounts.google.com&code=4%2F0AfrIepCnaPxgJJqQg94J-2zbR2EJK7rYglJHCz_eVaVyOX7j5UHefhGTZv_FLCROm7x-ug&scope=email+profile+https%3A%2F%2Fwww.googleapis.com%2Fauth%2Fuserinfo.email+https%3A%2F%2Fwww.googleapis.com%2Fauth%2Fuserinfo.profile+openid&authuser=0&hd=cincoveinticinco.com&prompt=none" for 192.168.65.1 at 2026-03-21 15:55:06 +0000
(google_oauth2) Callback phase initiated.
Processing by Api::V1::OauthController#google_callback as HTML
  Parameters: {"state"=>"d3a5c6844b9fbe2efef9bed7f17cae2c158444cae67d7cea", "iss"=>"https://accounts.google.com", "code"=>"4/0AfrIepCnaPxgJJqQg94J-2zbR2EJK7rYglJHCz_eVaVyOX7j5UHefhGTZv_FLCROm7x-ug", "scope"=>"email profile https://www.googleapis.com/auth/userinfo.email https://www.googleapis.com/auth/userinfo.profile openid", "authuser"=>"0", "hd"=>"cincoveinticinco.com", "prompt"=>"none"}
  [1m[36mUser Load (1.1ms)[0m  [1m[34mSELECT `users`.* FROM `users` WHERE `users`.`google_uid` = '103522933956856340115' LIMIT 1 /*action='google_callback',application='BoilerplateRailsApi',controller='oauth'*/[0m
  ↳ app/domains/auth/repositories/user_repository.rb:23:in `find_or_create_from_google'
  [1m[36mUser Load (0.7ms)[0m  [1m[34mSELECT `users`.* FROM `users` WHERE `users`.`email` = 'daniel.c@cincoveinticinco.com' LIMIT 1 /*action='google_callback',application='BoilerplateRailsApi',controller='oauth'*/[0m
  ↳ app/domains/auth/repositories/user_repository.rb:26:in `find_or_create_from_google'
  [1m[36mTRANSACTION (0.3ms)[0m  [1m[35mBEGIN /*action='google_callback',application='BoilerplateRailsApi',controller='oauth'*/[0m
  ↳ app/domains/auth/repositories/user_repository.rb:35:in `find_or_create_from_google'
  [1m[36mUser Exists? (4.6ms)[0m  [1m[34mSELECT 1 AS one FROM `users` WHERE `users`.`email` = 'daniel.c@cincoveinticinco.com' LIMIT 1 /*action='google_callback',application='BoilerplateRailsApi',controller='oauth'*/[0m
  ↳ app/domains/auth/repositories/user_repository.rb:35:in `find_or_create_from_google'
  [1m[36mUser Create (0.6ms)[0m  [1m[32mINSERT INTO `users` (`email`, `encrypted_password`, `name`, `refresh_token_hash`, `refresh_token_expires_at`, `confirmed_at`, `created_at`, `updated_at`, `super_admin`, `google_uid`, `avatar_url`, `auth_provider`) VALUES ('daniel.c@cincoveinticinco.com', NULL, 'Daniel Carrera', NULL, NULL, '2026-03-21 15:55:07.734099', '2026-03-21 15:55:07.742219', '2026-03-21 15:55:07.742219', FALSE, '103522933956856340115', 'https://lh3.googleusercontent.com/a/ACg8ocI34k_X6jocBQOv0X44VMbcVUBMFlCAQsBGJcy4emX3nbdQqbg=s200-c', 'google') RETURNING `id` /*action='google_callback',application='BoilerplateRailsApi',controller='oauth'*/[0m
  ↳ app/domains/auth/repositories/user_repository.rb:35:in `find_or_create_from_google'
  [1m[36mTRANSACTION (1.1ms)[0m  [1m[31mROLLBACK /*action='google_callback',application='BoilerplateRailsApi',controller='oauth'*/[0m
  ↳ app/domains/auth/repositories/user_repository.rb:35:in `find_or_create_from_google'
OAuth error: Mysql2::Error: Column 'encrypted_password' cannot be null
Redirected to http://localhost:5173/auth/callback?error=server_error
Completed 302 Found in 22ms (ActiveRecord: 8.4ms (4 queries, 0 cached) | GC: 1.2ms)


Started GET "/api/v1/forms/login-form" for 192.168.65.1 at 2026-03-21 15:55:08 +0000
Processing by Api::V1::FormsController#show as HTML
  Parameters: {"slug"=>"login-form"}
  [1m[36mFormSchema Load (1.3ms)[0m  [1m[34mSELECT `form_schemas`.* FROM `form_schemas` WHERE `form_schemas`.`slug` = 'login-form' AND `form_schemas`.`active` = TRUE LIMIT 1 /*action='show',application='BoilerplateRailsApi',controller='forms'*/[0m
  ↳ app/domains/forms/repositories/form_schema_repository.rb:8:in `find_by_slug'
Completed 200 OK in 5ms (Views: 0.3ms | ActiveRecord: 1.3ms (1 query, 0 cached) | GC: 0.0ms)


Started GET "/api/v1/forms/login-form" for 192.168.65.1 at 2026-03-21 15:55:08 +0000
Processing by Api::V1::FormsController#show as HTML
  Parameters: {"slug"=>"login-form"}
  [1m[36mFormSchema Load (0.9ms)[0m  [1m[34mSELECT `form_schemas`.* FROM `form_schemas` WHERE `form_schemas`.`slug` = 'login-form' AND `form_schemas`.`active` = TRUE LIMIT 1 /*action='show',application='BoilerplateRailsApi',controller='forms'*/[0m
  ↳ app/domains/forms/repositories/form_schema_repository.rb:8:in `find_by_slug'
Completed 200 OK in 3ms (Views: 0.1ms | ActiveRecord: 0.9ms (1 query, 0 cached) | GC: 0.0ms)


Started GET "/api/v1/forms/login-form" for 192.168.65.1 at 2026-03-21 15:55:25 +0000
Processing by Api::V1::FormsController#show as HTML
  Parameters: {"slug"=>"login-form"}
  [1m[36mFormSchema Load (52.5ms)[0m  [1m[34mSELECT `form_schemas`.* FROM `form_schemas` WHERE `form_schemas`.`slug` = 'login-form' AND `form_schemas`.`active` = TRUE LIMIT 1 /*action='show',application='BoilerplateRailsApi',controller='forms'*/[0m
  ↳ app/domains/forms/repositories/form_schema_repository.rb:8:in `find_by_slug'
Completed 200 OK in 187ms (Views: 0.9ms | ActiveRecord: 52.4ms (1 query, 0 cached) | GC: 0.0ms)


Started GET "/api/v1/forms/login-form" for 192.168.65.1 at 2026-03-21 15:55:25 +0000
Processing by Api::V1::FormsController#show as HTML
  Parameters: {"slug"=>"login-form"}
  [1m[36mFormSchema Load (0.7ms)[0m  [1m[34mSELECT `form_schemas`.* FROM `form_schemas` WHERE `form_schemas`.`slug` = 'login-form' AND `form_schemas`.`active` = TRUE LIMIT 1 /*action='show',application='BoilerplateRailsApi',controller='forms'*/[0m
  ↳ app/domains/forms/repositories/form_schema_repository.rb:8:in `find_by_slug'
Completed 200 OK in 33ms (Views: 0.2ms | ActiveRecord: 0.6ms (1 query, 0 cached) | GC: 28.3ms)


Started POST "/api/v1/auth/register" for 127.0.0.1 at 2026-03-21 15:57:19 +0000
Started POST "/api/v1/auth/login" for 127.0.0.1 at 2026-03-21 15:57:19 +0000
Processing by Api::V1::AuthController#register as */*
Processing by Api::V1::AuthController#login as */*
  Parameters: {"email"=>"[FILTERED]", "password"=>"[FILTERED]", "name"=>"Nuevo Usuario", "auth"=>{"email"=>"[FILTERED]", "password"=>"[FILTERED]", "name"=>"Nuevo Usuario"}}
  Parameters: {"email"=>"[FILTERED]", "password"=>"[FILTERED]", "auth"=>{"email"=>"[FILTERED]", "password"=>"[FILTERED]"}}
  [1m[36mUser Load (7.7ms)[0m  [1m[34mSELECT `users`.* FROM `users` WHERE `users`.`email` = 'newuser_test@boilerplate.dev' LIMIT 1 /*action='register',application='BoilerplateRailsApi',controller='auth'*/[0m
  ↳ app/domains/auth/repositories/user_repository.rb:5:in `find_by_email'
  [1m[36mUser Load (1.6ms)[0m  [1m[34mSELECT `users`.* FROM `users` WHERE `users`.`email` = 'viewer@boilerplate.dev' LIMIT 1 /*action='login',application='BoilerplateRailsApi',controller='auth'*/[0m
  ↳ app/domains/auth/repositories/user_repository.rb:5:in `find_by_email'
  [1m[36mTRANSACTION (0.5ms)[0m  [1m[35mBEGIN /*action='register',application='BoilerplateRailsApi',controller='auth'*/[0m
  ↳ app/domains/auth/repositories/user_repository.rb:13:in `create'
  [1m[36mUser Exists? (3.8ms)[0m  [1m[34mSELECT 1 AS one FROM `users` WHERE `users`.`email` = 'newuser_test@boilerplate.dev' LIMIT 1 /*action='register',application='BoilerplateRailsApi',controller='auth'*/[0m
  ↳ app/domains/auth/repositories/user_repository.rb:13:in `create'
  [1m[36mUser Create (3.9ms)[0m  [1m[32mINSERT INTO `users` (`email`, `encrypted_password`, `name`, `refresh_token_hash`, `refresh_token_expires_at`, `confirmed_at`, `created_at`, `updated_at`, `super_admin`, `google_uid`, `avatar_url`, `auth_provider`) VALUES ('newuser_test@boilerplate.dev', '$2a$12$2VhwuJErBTTI.ViwCQR7X.in2zcCT77tDpIJig4buiNoEyIuMXroi', 'Nuevo Usuario', NULL, NULL, NULL, '2026-03-21 15:57:20.157902', '2026-03-21 15:57:20.157902', FALSE, NULL, NULL, NULL) RETURNING `id` /*action='register',application='BoilerplateRailsApi',controller='auth'*/[0m
  ↳ app/domains/auth/repositories/user_repository.rb:13:in `create'
  [1m[36mTRANSACTION (3.1ms)[0m  [1m[35mCOMMIT /*action='register',application='BoilerplateRailsApi',controller='auth'*/[0m
  ↳ app/domains/auth/repositories/user_repository.rb:13:in `create'
  [1m[36mUser Load (0.9ms)[0m  [1m[34mSELECT `users`.* FROM `users` WHERE `users`.`id` = 3 LIMIT 1 /*action='login',application='BoilerplateRailsApi',controller='auth'*/[0m
  ↳ app/domains/auth/repositories/user_repository.rb:49:in `save_refresh_token'
  [1m[36mTRANSACTION (0.9ms)[0m  [1m[35mBEGIN /*action='login',application='BoilerplateRailsApi',controller='auth'*/[0m
  [1m[36mUser Load (0.6ms)[0m  [1m[34mSELECT `users`.* FROM `users` WHERE `users`.`id` = 4 LIMIT 1 /*action='register',application='BoilerplateRailsApi',controller='auth'*/[0m
  ↳ app/domains/auth/repositories/user_repository.rb:49:in `save_refresh_token'
  ↳ app/domains/auth/repositories/user_repository.rb:49:in `save_refresh_token'
  [1m[36mTRANSACTION (0.3ms)[0m  [1m[35mBEGIN /*action='register',application='BoilerplateRailsApi',controller='auth'*/[0m
  ↳ app/domains/auth/repositories/user_repository.rb:49:in `save_refresh_token'
  [1m[36mUser Update (11.6ms)[0m  [1m[33mUPDATE `users` SET `users`.`refresh_token_hash` = '$2a$12$ummwjKJNkH.aHnRZq7rRLeetj09OWLWAwYgwj1zzbXuA5.5/ACYee', `users`.`refresh_token_expires_at` = '2026-04-20 15:57:20.422023', `users`.`updated_at` = '2026-03-21 15:57:20.489479' WHERE `users`.`id` = 3 /*action='login',application='BoilerplateRailsApi',controller='auth'*/[0m
  [1m[36mUser Update (9.3ms)[0m  [1m[33mUPDATE `users` SET `users`.`refresh_token_hash` = '$2a$12$F2.pCtR/w.Jvvl2YCkg1T.fGm/iGlTjXgU/lvV8KiFOVc7yyTMlcC', `users`.`refresh_token_expires_at` = '2026-04-20 15:57:20.456281', `users`.`updated_at` = '2026-03-21 15:57:20.504232' WHERE `users`.`id` = 4 /*action='register',application='BoilerplateRailsApi',controller='auth'*/[0m
  ↳ app/domains/auth/repositories/user_repository.rb:49:in `save_refresh_token'
  ↳ app/domains/auth/repositories/user_repository.rb:49:in `save_refresh_token'
  [1m[36mTRANSACTION (1.7ms)[0m  [1m[35mCOMMIT /*action='login',application='BoilerplateRailsApi',controller='auth'*/[0m
  ↳ app/domains/auth/repositories/user_repository.rb:49:in `save_refresh_token'
  [1m[36mTRANSACTION (1.4ms)[0m  [1m[35mCOMMIT /*action='register',application='BoilerplateRailsApi',controller='auth'*/[0m
  ↳ app/domains/auth/repositories/user_repository.rb:49:in `save_refresh_token'
  [1m[36mUser Load (0.7ms)[0m  [1m[34mSELECT `users`.* FROM `users` WHERE `users`.`id` = 3 LIMIT 1 /*action='login',application='BoilerplateRailsApi',controller='auth'*/[0m
  ↳ app/domains/auth/repositories/user_repository.rb:9:in `find_by_id'
  [1m[36mUser Load (1.4ms)[0m  [1m[34mSELECT `users`.* FROM `users` WHERE `users`.`id` = 4 LIMIT 1 /*action='register',application='BoilerplateRailsApi',controller='auth'*/[0m
  ↳ app/domains/auth/repositories/user_repository.rb:9:in `find_by_id'
  [1m[36mPermission Load (11.6ms)[0m  [1m[34mSELECT DISTINCT `permissions`.* FROM `permissions` INNER JOIN `role_permissions` ON `role_permissions`.`permission_id` = `permissions`.`id` INNER JOIN `roles` ON `roles`.`id` = `role_permissions`.`role_id` INNER JOIN `user_roles` ON `user_roles`.`role_id` = `roles`.`id` WHERE `user_roles`.`user_id` = 4 AND (user_roles.expires_at IS NULL OR user_roles.expires_at > '2026-03-21 15:57:20.693547') /*action='register',application='BoilerplateRailsApi',controller='auth'*/[0m
  ↳ app/domains/authorization/repositories/user_role_repository.rb:14:in `map'
  [1m[36mPermission Load (18.4ms)[0m  [1m[34mSELECT DISTINCT `permissions`.* FROM `permissions` INNER JOIN `role_permissions` ON `role_permissions`.`permission_id` = `permissions`.`id` INNER JOIN `roles` ON `roles`.`id` = `role_permissions`.`role_id` INNER JOIN `user_roles` ON `user_roles`.`role_id` = `roles`.`id` WHERE `user_roles`.`user_id` = 3 AND (user_roles.expires_at IS NULL OR user_roles.expires_at > '2026-03-21 15:57:20.695579') /*action='login',application='BoilerplateRailsApi',controller='auth'*/[0m
  [1m[36mCACHE User Load (0.7ms)[0m  [1m[34mSELECT `users`.* FROM `users` WHERE `users`.`id` = 4 LIMIT 1[0m
  ↳ app/domains/authorization/repositories/user_role_repository.rb:14:in `map'
  ↳ app/domains/auth/repositories/user_repository.rb:9:in `find_by_id'
Completed 200 OK in 928ms (Views: 6.5ms | ActiveRecord: 96.1ms (5 queries, 0 cached) | GC: 37.3ms)


Completed 201 Created in 939ms (Views: 2.3ms | ActiveRecord: 66.6ms (8 queries, 1 cached) | GC: 37.3ms)


Started GET "/api/v1/forms/login-form" for 192.168.65.1 at 2026-03-21 15:58:18 +0000
Processing by Api::V1::FormsController#show as HTML
  Parameters: {"slug"=>"login-form"}
  [1m[36mFormSchema Load (0.9ms)[0m  [1m[34mSELECT `form_schemas`.* FROM `form_schemas` WHERE `form_schemas`.`slug` = 'login-form' AND `form_schemas`.`active` = TRUE LIMIT 1 /*action='show',application='BoilerplateRailsApi',controller='forms'*/[0m
  ↳ app/domains/forms/repositories/form_schema_repository.rb:8:in `find_by_slug'
Completed 200 OK in 11ms (Views: 0.1ms | ActiveRecord: 0.8ms (1 query, 0 cached) | GC: 0.0ms)


Started GET "/api/v1/auth/google" for 192.168.65.1 at 2026-03-21 15:58:42 +0000
Redirected to http://localhost:3000/auth/google_oauth2
Completed 301 Moved Permanently in 1ms


Started GET "/auth/google_oauth2" for 192.168.65.1 at 2026-03-21 15:58:42 +0000
(google_oauth2) Request phase initiated.
Started GET "/auth/google_oauth2/callback?state=f42a787ff879ab66e93d526d1ac5c3bd4b364fc1c5f7c839&iss=https%3A%2F%2Faccounts.google.com&code=4%2F0AfrIepBbvUOEMxAofK5axge3eEDB71--_iLK3Y47bYmgLOK3h2F2mBrvV1OwxMXwfFiGyQ&scope=email+profile+https%3A%2F%2Fwww.googleapis.com%2Fauth%2Fuserinfo.email+openid+https%3A%2F%2Fwww.googleapis.com%2Fauth%2Fuserinfo.profile&authuser=0&hd=cincoveinticinco.com&prompt=none" for 192.168.65.1 at 2026-03-21 15:58:46 +0000
(google_oauth2) Callback phase initiated.
Processing by Api::V1::OauthController#google_callback as HTML
  Parameters: {"state"=>"f42a787ff879ab66e93d526d1ac5c3bd4b364fc1c5f7c839", "iss"=>"https://accounts.google.com", "code"=>"4/0AfrIepBbvUOEMxAofK5axge3eEDB71--_iLK3Y47bYmgLOK3h2F2mBrvV1OwxMXwfFiGyQ", "scope"=>"email profile https://www.googleapis.com/auth/userinfo.email openid https://www.googleapis.com/auth/userinfo.profile", "authuser"=>"0", "hd"=>"cincoveinticinco.com", "prompt"=>"none"}
  [1m[36mUser Load (0.9ms)[0m  [1m[34mSELECT `users`.* FROM `users` WHERE `users`.`google_uid` = '103522933956856340115' LIMIT 1 /*action='google_callback',application='BoilerplateRailsApi',controller='oauth'*/[0m
  ↳ app/domains/auth/repositories/user_repository.rb:23:in `find_or_create_from_google'
  [1m[36mUser Load (0.4ms)[0m  [1m[34mSELECT `users`.* FROM `users` WHERE `users`.`email` = 'daniel.c@cincoveinticinco.com' LIMIT 1 /*action='google_callback',application='BoilerplateRailsApi',controller='oauth'*/[0m
  ↳ app/domains/auth/repositories/user_repository.rb:26:in `find_or_create_from_google'
  [1m[36mTRANSACTION (0.3ms)[0m  [1m[35mBEGIN /*action='google_callback',application='BoilerplateRailsApi',controller='oauth'*/[0m
  ↳ app/domains/auth/repositories/user_repository.rb:35:in `find_or_create_from_google'
  [1m[36mUser Exists? (2.4ms)[0m  [1m[34mSELECT 1 AS one FROM `users` WHERE `users`.`email` = 'daniel.c@cincoveinticinco.com' LIMIT 1 /*action='google_callback',application='BoilerplateRailsApi',controller='oauth'*/[0m
  ↳ app/domains/auth/repositories/user_repository.rb:35:in `find_or_create_from_google'
  [1m[36mUser Create (0.7ms)[0m  [1m[32mINSERT INTO `users` (`email`, `encrypted_password`, `name`, `refresh_token_hash`, `refresh_token_expires_at`, `confirmed_at`, `created_at`, `updated_at`, `super_admin`, `google_uid`, `avatar_url`, `auth_provider`) VALUES ('daniel.c@cincoveinticinco.com', NULL, 'Daniel Carrera', NULL, NULL, '2026-03-21 15:58:47.562238', '2026-03-21 15:58:47.570878', '2026-03-21 15:58:47.570878', FALSE, '103522933956856340115', 'https://lh3.googleusercontent.com/a/ACg8ocI34k_X6jocBQOv0X44VMbcVUBMFlCAQsBGJcy4emX3nbdQqbg=s200-c', 'google') RETURNING `id` /*action='google_callback',application='BoilerplateRailsApi',controller='oauth'*/[0m
  ↳ app/domains/auth/repositories/user_repository.rb:35:in `find_or_create_from_google'
  [1m[36mTRANSACTION (0.3ms)[0m  [1m[31mROLLBACK /*action='google_callback',application='BoilerplateRailsApi',controller='oauth'*/[0m
  ↳ app/domains/auth/repositories/user_repository.rb:35:in `find_or_create_from_google'
OAuth error: Mysql2::Error: Column 'encrypted_password' cannot be null
Redirected to http://localhost:5173/auth/callback?error=server_error
Completed 302 Found in 47ms (ActiveRecord: 5.1ms (4 queries, 0 cached) | GC: 25.0ms)


Started GET "/api/v1/forms/login-form" for 192.168.65.1 at 2026-03-21 15:58:48 +0000
Processing by Api::V1::FormsController#show as HTML
  Parameters: {"slug"=>"login-form"}
  [1m[36mFormSchema Load (0.7ms)[0m  [1m[34mSELECT `form_schemas`.* FROM `form_schemas` WHERE `form_schemas`.`slug` = 'login-form' AND `form_schemas`.`active` = TRUE LIMIT 1 /*action='show',application='BoilerplateRailsApi',controller='forms'*/[0m
  ↳ app/domains/forms/repositories/form_schema_repository.rb:8:in `find_by_slug'
Completed 200 OK in 6ms (Views: 0.1ms | ActiveRecord: 0.7ms (1 query, 0 cached) | GC: 1.4ms)


Started GET "/api/v1/forms/login-form" for 192.168.65.1 at 2026-03-21 15:58:48 +0000
Processing by Api::V1::FormsController#show as HTML
  Parameters: {"slug"=>"login-form"}
  [1m[36mFormSchema Load (1.7ms)[0m  [1m[34mSELECT `form_schemas`.* FROM `form_schemas` WHERE `form_schemas`.`slug` = 'login-form' AND `form_schemas`.`active` = TRUE LIMIT 1 /*action='show',application='BoilerplateRailsApi',controller='forms'*/[0m
  ↳ app/domains/forms/repositories/form_schema_repository.rb:8:in `find_by_slug'
Completed 200 OK in 7ms (Views: 0.4ms | ActiveRecord: 1.7ms (1 query, 0 cached) | GC: 0.0ms)


Started GET "/api/v1/forms/login-form" for 192.168.65.1 at 2026-03-21 15:58:55 +0000
Processing by Api::V1::FormsController#show as HTML
  Parameters: {"slug"=>"login-form"}
  [1m[36mFormSchema Load (3.1ms)[0m  [1m[34mSELECT `form_schemas`.* FROM `form_schemas` WHERE `form_schemas`.`slug` = 'login-form' AND `form_schemas`.`active` = TRUE LIMIT 1 /*action='show',application='BoilerplateRailsApi',controller='forms'*/[0m
  ↳ app/domains/forms/repositories/form_schema_repository.rb:8:in `find_by_slug'
Completed 200 OK in 9ms (Views: 0.1ms | ActiveRecord: 3.1ms (1 query, 0 cached) | GC: 0.7ms)


Started GET "/api/v1/forms/login-form" for 192.168.65.1 at 2026-03-21 15:58:55 +0000
Processing by Api::V1::FormsController#show as HTML
  Parameters: {"slug"=>"login-form"}
  [1m[36mFormSchema Load (0.9ms)[0m  [1m[34mSELECT `form_schemas`.* FROM `form_schemas` WHERE `form_schemas`.`slug` = 'login-form' AND `form_schemas`.`active` = TRUE LIMIT 1 /*action='show',application='BoilerplateRailsApi',controller='forms'*/[0m
  ↳ app/domains/forms/repositories/form_schema_repository.rb:8:in `find_by_slug'
Completed 200 OK in 5ms (Views: 0.1ms | ActiveRecord: 0.9ms (1 query, 0 cached) | GC: 0.0ms)


Started GET "/api/v1/auth/google" for 192.168.65.1 at 2026-03-21 20:37:10 +0000
Redirected to http://localhost:3000/auth/google_oauth2
Completed 301 Moved Permanently in 6ms


Started GET "/auth/google_oauth2" for 192.168.65.1 at 2026-03-21 20:37:10 +0000
(google_oauth2) Request phase initiated.
Started GET "/auth/google_oauth2/callback?state=e6b3d145cefd84221c50a4195322ee60a7ca6b9f42d6db75&iss=https%3A%2F%2Faccounts.google.com&code=4%2F0AfrIepBtsJRMREdo33pDLCd_kn5pYvF0G5FOvH1t5pw3gDHpjiOocJvQ7wbJnqgBCn9I5A&scope=email+profile+https%3A%2F%2Fwww.googleapis.com%2Fauth%2Fuserinfo.email+openid+https%3A%2F%2Fwww.googleapis.com%2Fauth%2Fuserinfo.profile&authuser=0&hd=cincoveinticinco.com&prompt=none" for 192.168.65.1 at 2026-03-21 20:37:21 +0000
(google_oauth2) Callback phase initiated.
Processing by Api::V1::OauthController#google_callback as HTML
  Parameters: {"state"=>"e6b3d145cefd84221c50a4195322ee60a7ca6b9f42d6db75", "iss"=>"https://accounts.google.com", "code"=>"4/0AfrIepBtsJRMREdo33pDLCd_kn5pYvF0G5FOvH1t5pw3gDHpjiOocJvQ7wbJnqgBCn9I5A", "scope"=>"email profile https://www.googleapis.com/auth/userinfo.email openid https://www.googleapis.com/auth/userinfo.profile", "authuser"=>"0", "hd"=>"cincoveinticinco.com", "prompt"=>"none"}
  [1m[36mUser Load (6.7ms)[0m  [1m[34mSELECT `users`.* FROM `users` WHERE `users`.`google_uid` = '103522933956856340115' LIMIT 1 /*action='google_callback',application='BoilerplateRailsApi',controller='oauth'*/[0m
  ↳ app/domains/auth/repositories/user_repository.rb:23:in `find_or_create_from_google'
  [1m[36mUser Load (1.0ms)[0m  [1m[34mSELECT `users`.* FROM `users` WHERE `users`.`email` = 'daniel.c@cincoveinticinco.com' LIMIT 1 /*action='google_callback',application='BoilerplateRailsApi',controller='oauth'*/[0m
  ↳ app/domains/auth/repositories/user_repository.rb:26:in `find_or_create_from_google'
  [1m[36mTRANSACTION (0.6ms)[0m  [1m[35mBEGIN /*action='google_callback',application='BoilerplateRailsApi',controller='oauth'*/[0m
  ↳ app/domains/auth/repositories/user_repository.rb:35:in `find_or_create_from_google'
  [1m[36mUser Exists? (5.8ms)[0m  [1m[34mSELECT 1 AS one FROM `users` WHERE `users`.`email` = 'daniel.c@cincoveinticinco.com' LIMIT 1 /*action='google_callback',application='BoilerplateRailsApi',controller='oauth'*/[0m
  ↳ app/domains/auth/repositories/user_repository.rb:35:in `find_or_create_from_google'
  [1m[36mUser Create (6.6ms)[0m  [1m[32mINSERT INTO `users` (`email`, `encrypted_password`, `name`, `refresh_token_hash`, `refresh_token_expires_at`, `confirmed_at`, `created_at`, `updated_at`, `super_admin`, `google_uid`, `avatar_url`, `auth_provider`) VALUES ('daniel.c@cincoveinticinco.com', NULL, 'Daniel Carrera', NULL, NULL, '2026-03-21 20:37:22.423226', '2026-03-21 20:37:22.453195', '2026-03-21 20:37:22.453195', FALSE, '103522933956856340115', 'https://lh3.googleusercontent.com/a/ACg8ocI34k_X6jocBQOv0X44VMbcVUBMFlCAQsBGJcy4emX3nbdQqbg=s200-c', 'google') RETURNING `id` /*action='google_callback',application='BoilerplateRailsApi',controller='oauth'*/[0m
  ↳ app/domains/auth/repositories/user_repository.rb:35:in `find_or_create_from_google'
  [1m[36mTRANSACTION (0.4ms)[0m  [1m[31mROLLBACK /*action='google_callback',application='BoilerplateRailsApi',controller='oauth'*/[0m
  ↳ app/domains/auth/repositories/user_repository.rb:35:in `find_or_create_from_google'
OAuth error: Mysql2::Error: Column 'encrypted_password' cannot be null
Redirected to http://localhost:5173/auth/callback?error=server_error
Completed 302 Found in 95ms (ActiveRecord: 22.5ms (4 queries, 0 cached) | GC: 0.0ms)


Started GET "/api/v1/forms/login-form" for 192.168.65.1 at 2026-03-21 20:37:23 +0000
Processing by Api::V1::FormsController#show as HTML
  Parameters: {"slug"=>"login-form"}
  [1m[36mFormSchema Load (2.2ms)[0m  [1m[34mSELECT `form_schemas`.* FROM `form_schemas` WHERE `form_schemas`.`slug` = 'login-form' AND `form_schemas`.`active` = TRUE LIMIT 1 /*action='show',application='BoilerplateRailsApi',controller='forms'*/[0m
  ↳ app/domains/forms/repositories/form_schema_repository.rb:8:in `find_by_slug'
Completed 200 OK in 146ms (Views: 0.8ms | ActiveRecord: 2.2ms (1 query, 0 cached) | GC: 136.1ms)


Started GET "/api/v1/forms/login-form" for 192.168.65.1 at 2026-03-21 20:37:23 +0000
Processing by Api::V1::FormsController#show as HTML
  Parameters: {"slug"=>"login-form"}
  [1m[36mFormSchema Load (0.7ms)[0m  [1m[34mSELECT `form_schemas`.* FROM `form_schemas` WHERE `form_schemas`.`slug` = 'login-form' AND `form_schemas`.`active` = TRUE LIMIT 1 /*action='show',application='BoilerplateRailsApi',controller='forms'*/[0m
  ↳ app/domains/forms/repositories/form_schema_repository.rb:8:in `find_by_slug'
Completed 200 OK in 4ms (Views: 0.1ms | ActiveRecord: 0.6ms (1 query, 0 cached) | GC: 0.0ms)


Started GET "/api/v1/forms/login-form" for 192.168.65.1 at 2026-03-21 20:38:49 +0000
Processing by Api::V1::FormsController#show as HTML
  Parameters: {"slug"=>"login-form"}
  [1m[36mFormSchema Load (1.3ms)[0m  [1m[34mSELECT `form_schemas`.* FROM `form_schemas` WHERE `form_schemas`.`slug` = 'login-form' AND `form_schemas`.`active` = TRUE LIMIT 1 /*action='show',application='BoilerplateRailsApi',controller='forms'*/[0m
  ↳ app/domains/forms/repositories/form_schema_repository.rb:8:in `find_by_slug'
Completed 200 OK in 11ms (Views: 0.3ms | ActiveRecord: 1.3ms (1 query, 0 cached) | GC: 0.0ms)


Started GET "/api/v1/forms/login-form" for 192.168.65.1 at 2026-03-21 20:39:05 +0000
Processing by Api::V1::FormsController#show as HTML
  Parameters: {"slug"=>"login-form"}
  [1m[36mFormSchema Load (1.9ms)[0m  [1m[34mSELECT `form_schemas`.* FROM `form_schemas` WHERE `form_schemas`.`slug` = 'login-form' AND `form_schemas`.`active` = TRUE LIMIT 1 /*action='show',application='BoilerplateRailsApi',controller='forms'*/[0m
  ↳ app/domains/forms/repositories/form_schema_repository.rb:8:in `find_by_slug'
Completed 200 OK in 4ms (Views: 0.1ms | ActiveRecord: 1.9ms (1 query, 0 cached) | GC: 0.0ms)


Started GET "/api/v1/forms/login-form" for 192.168.65.1 at 2026-03-21 20:39:05 +0000
Processing by Api::V1::FormsController#show as HTML
  Parameters: {"slug"=>"login-form"}
  [1m[36mFormSchema Load (0.9ms)[0m  [1m[34mSELECT `form_schemas`.* FROM `form_schemas` WHERE `form_schemas`.`slug` = 'login-form' AND `form_schemas`.`active` = TRUE LIMIT 1 /*action='show',application='BoilerplateRailsApi',controller='forms'*/[0m
  ↳ app/domains/forms/repositories/form_schema_repository.rb:8:in `find_by_slug'
Completed 200 OK in 3ms (Views: 0.1ms | ActiveRecord: 0.9ms (1 query, 0 cached) | GC: 0.0ms)


Started GET "/api/v1/auth/google" for 192.168.65.1 at 2026-03-21 20:39:58 +0000
Redirected to http://localhost:3000/auth/google_oauth2
Completed 301 Moved Permanently in 0ms


Started GET "/auth/google_oauth2" for 192.168.65.1 at 2026-03-21 20:39:58 +0000
(google_oauth2) Request phase initiated.
Started GET "/auth/google_oauth2/callback?state=8a51f1a0b54886d082e56723b5f8dc70625499bd34d03afc&iss=https%3A%2F%2Faccounts.google.com&code=4%2F0AfrIepBfdCpG_e2DT6qOD858P4AfWjTV7t-oxDKYTw86IDR0MGzl-_cPIXoqH--qtEnWSQ&scope=email+profile+https%3A%2F%2Fwww.googleapis.com%2Fauth%2Fuserinfo.profile+openid+https%3A%2F%2Fwww.googleapis.com%2Fauth%2Fuserinfo.email&authuser=0&hd=cincoveinticinco.com&prompt=none" for 192.168.65.1 at 2026-03-21 20:40:02 +0000
(google_oauth2) Callback phase initiated.
Processing by Api::V1::OauthController#google_callback as HTML
  Parameters: {"state"=>"8a51f1a0b54886d082e56723b5f8dc70625499bd34d03afc", "iss"=>"https://accounts.google.com", "code"=>"4/0AfrIepBfdCpG_e2DT6qOD858P4AfWjTV7t-oxDKYTw86IDR0MGzl-_cPIXoqH--qtEnWSQ", "scope"=>"email profile https://www.googleapis.com/auth/userinfo.profile openid https://www.googleapis.com/auth/userinfo.email", "authuser"=>"0", "hd"=>"cincoveinticinco.com", "prompt"=>"none"}
  [1m[36mUser Load (2.2ms)[0m  [1m[34mSELECT `users`.* FROM `users` WHERE `users`.`google_uid` = '103522933956856340115' LIMIT 1 /*action='google_callback',application='BoilerplateRailsApi',controller='oauth'*/[0m
  ↳ app/domains/auth/repositories/user_repository.rb:23:in `find_or_create_from_google'
  [1m[36mUser Load (1.0ms)[0m  [1m[34mSELECT `users`.* FROM `users` WHERE `users`.`email` = 'daniel.c@cincoveinticinco.com' LIMIT 1 /*action='google_callback',application='BoilerplateRailsApi',controller='oauth'*/[0m
  ↳ app/domains/auth/repositories/user_repository.rb:26:in `find_or_create_from_google'
  [1m[36mTRANSACTION (0.4ms)[0m  [1m[35mBEGIN /*action='google_callback',application='BoilerplateRailsApi',controller='oauth'*/[0m
  ↳ app/domains/auth/repositories/user_repository.rb:35:in `find_or_create_from_google'
  [1m[36mUser Exists? (4.7ms)[0m  [1m[34mSELECT 1 AS one FROM `users` WHERE `users`.`email` = 'daniel.c@cincoveinticinco.com' LIMIT 1 /*action='google_callback',application='BoilerplateRailsApi',controller='oauth'*/[0m
  ↳ app/domains/auth/repositories/user_repository.rb:35:in `find_or_create_from_google'
  [1m[36mUser Create (2.0ms)[0m  [1m[32mINSERT INTO `users` (`email`, `encrypted_password`, `name`, `refresh_token_hash`, `refresh_token_expires_at`, `confirmed_at`, `created_at`, `updated_at`, `super_admin`, `google_uid`, `avatar_url`, `auth_provider`) VALUES ('daniel.c@cincoveinticinco.com', NULL, 'Daniel Carrera', NULL, NULL, '2026-03-21 20:40:03.738558', '2026-03-21 20:40:03.748788', '2026-03-21 20:40:03.748788', FALSE, '103522933956856340115', 'https://lh3.googleusercontent.com/a/ACg8ocI34k_X6jocBQOv0X44VMbcVUBMFlCAQsBGJcy4emX3nbdQqbg=s200-c', 'google') RETURNING `id` /*action='google_callback',application='BoilerplateRailsApi',controller='oauth'*/[0m
  ↳ app/domains/auth/repositories/user_repository.rb:35:in `find_or_create_from_google'
  [1m[36mTRANSACTION (0.5ms)[0m  [1m[31mROLLBACK /*action='google_callback',application='BoilerplateRailsApi',controller='oauth'*/[0m
  ↳ app/domains/auth/repositories/user_repository.rb:35:in `find_or_create_from_google'
OAuth error: Mysql2::Error: Column 'encrypted_password' cannot be null
Redirected to http://localhost:5173/auth/callback?error=server_error
Completed 302 Found in 31ms (ActiveRecord: 10.6ms (4 queries, 0 cached) | GC: 1.8ms)


Started GET "/api/v1/forms/login-form" for 192.168.65.1 at 2026-03-21 20:40:04 +0000
Processing by Api::V1::FormsController#show as HTML
  Parameters: {"slug"=>"login-form"}
  [1m[36mFormSchema Load (0.9ms)[0m  [1m[34mSELECT `form_schemas`.* FROM `form_schemas` WHERE `form_schemas`.`slug` = 'login-form' AND `form_schemas`.`active` = TRUE LIMIT 1 /*action='show',application='BoilerplateRailsApi',controller='forms'*/[0m
  ↳ app/domains/forms/repositories/form_schema_repository.rb:8:in `find_by_slug'
Completed 200 OK in 3ms (Views: 0.1ms | ActiveRecord: 0.9ms (1 query, 0 cached) | GC: 0.0ms)


Started GET "/api/v1/forms/login-form" for 192.168.65.1 at 2026-03-21 20:40:04 +0000
Processing by Api::V1::FormsController#show as HTML
  Parameters: {"slug"=>"login-form"}
  [1m[36mFormSchema Load (1.0ms)[0m  [1m[34mSELECT `form_schemas`.* FROM `form_schemas` WHERE `form_schemas`.`slug` = 'login-form' AND `form_schemas`.`active` = TRUE LIMIT 1 /*action='show',application='BoilerplateRailsApi',controller='forms'*/[0m
  ↳ app/domains/forms/repositories/form_schema_repository.rb:8:in `find_by_slug'
Completed 200 OK in 4ms (Views: 0.3ms | ActiveRecord: 1.0ms (1 query, 0 cached) | GC: 0.0ms)


Started GET "/api/v1/forms/login-form" for 192.168.65.1 at 2026-03-21 20:42:15 +0000
Processing by Api::V1::FormsController#show as HTML
  Parameters: {"slug"=>"login-form"}
  [1m[36mFormSchema Load (1.3ms)[0m  [1m[34mSELECT `form_schemas`.* FROM `form_schemas` WHERE `form_schemas`.`slug` = 'login-form' AND `form_schemas`.`active` = TRUE LIMIT 1 /*action='show',application='BoilerplateRailsApi',controller='forms'*/[0m
  ↳ app/domains/forms/repositories/form_schema_repository.rb:8:in `find_by_slug'
Completed 200 OK in 3ms (Views: 0.1ms | ActiveRecord: 1.3ms (1 query, 0 cached) | GC: 0.0ms)


Started GET "/api/v1/forms/login-form" for 192.168.65.1 at 2026-03-21 20:42:15 +0000
Processing by Api::V1::FormsController#show as HTML
  Parameters: {"slug"=>"login-form"}
  [1m[36mFormSchema Load (0.7ms)[0m  [1m[34mSELECT `form_schemas`.* FROM `form_schemas` WHERE `form_schemas`.`slug` = 'login-form' AND `form_schemas`.`active` = TRUE LIMIT 1 /*action='show',application='BoilerplateRailsApi',controller='forms'*/[0m
  ↳ app/domains/forms/repositories/form_schema_repository.rb:8:in `find_by_slug'
Completed 200 OK in 15ms (Views: 0.2ms | ActiveRecord: 0.7ms (1 query, 0 cached) | GC: 11.2ms)


Started GET "/api/v1/auth/google" for 192.168.65.1 at 2026-03-21 20:42:49 +0000
Redirected to http://localhost:3000/auth/google_oauth2
Completed 301 Moved Permanently in 0ms


Started GET "/auth/google_oauth2" for 192.168.65.1 at 2026-03-21 20:42:49 +0000
(google_oauth2) Request phase initiated.
Started GET "/auth/google_oauth2/callback?state=a51227a16df765a7c05109e27fc66ff8b94b01ad3a41f021&iss=https%3A%2F%2Faccounts.google.com&code=4%2F0AfrIepDrHJBpC63gQsuT60wouHeEGbdPZrd8epMahDC22MxyWUhRyT1I5W3cltU1mLzBZw&scope=email+profile+https%3A%2F%2Fwww.googleapis.com%2Fauth%2Fuserinfo.email+https%3A%2F%2Fwww.googleapis.com%2Fauth%2Fuserinfo.profile+openid&authuser=0&hd=cincoveinticinco.com&prompt=none" for 192.168.65.1 at 2026-03-21 20:42:55 +0000
(google_oauth2) Callback phase initiated.
Processing by Api::V1::OauthController#google_callback as HTML
  Parameters: {"state"=>"a51227a16df765a7c05109e27fc66ff8b94b01ad3a41f021", "iss"=>"https://accounts.google.com", "code"=>"4/0AfrIepDrHJBpC63gQsuT60wouHeEGbdPZrd8epMahDC22MxyWUhRyT1I5W3cltU1mLzBZw", "scope"=>"email profile https://www.googleapis.com/auth/userinfo.email https://www.googleapis.com/auth/userinfo.profile openid", "authuser"=>"0", "hd"=>"cincoveinticinco.com", "prompt"=>"none"}
  [1m[36mUser Load (1.0ms)[0m  [1m[34mSELECT `users`.* FROM `users` WHERE `users`.`google_uid` = '103522933956856340115' LIMIT 1 /*action='google_callback',application='BoilerplateRailsApi',controller='oauth'*/[0m
  ↳ app/domains/auth/repositories/user_repository.rb:23:in `find_or_create_from_google'
  [1m[36mUser Load (2.0ms)[0m  [1m[34mSELECT `users`.* FROM `users` WHERE `users`.`email` = 'daniel.c@cincoveinticinco.com' LIMIT 1 /*action='google_callback',application='BoilerplateRailsApi',controller='oauth'*/[0m
  ↳ app/domains/auth/repositories/user_repository.rb:26:in `find_or_create_from_google'
  [1m[36mTRANSACTION (0.5ms)[0m  [1m[35mBEGIN /*action='google_callback',application='BoilerplateRailsApi',controller='oauth'*/[0m
  ↳ app/domains/auth/repositories/user_repository.rb:35:in `find_or_create_from_google'
  [1m[36mUser Exists? (5.0ms)[0m  [1m[34mSELECT 1 AS one FROM `users` WHERE `users`.`email` = 'daniel.c@cincoveinticinco.com' LIMIT 1 /*action='google_callback',application='BoilerplateRailsApi',controller='oauth'*/[0m
  ↳ app/domains/auth/repositories/user_repository.rb:35:in `find_or_create_from_google'
  [1m[36mUser Create (0.8ms)[0m  [1m[32mINSERT INTO `users` (`email`, `encrypted_password`, `name`, `refresh_token_hash`, `refresh_token_expires_at`, `confirmed_at`, `created_at`, `updated_at`, `super_admin`, `google_uid`, `avatar_url`, `auth_provider`) VALUES ('daniel.c@cincoveinticinco.com', NULL, 'Daniel Carrera', NULL, NULL, '2026-03-21 20:42:55.968758', '2026-03-21 20:42:55.981802', '2026-03-21 20:42:55.981802', FALSE, '103522933956856340115', 'https://lh3.googleusercontent.com/a/ACg8ocI34k_X6jocBQOv0X44VMbcVUBMFlCAQsBGJcy4emX3nbdQqbg=s200-c', 'google') RETURNING `id` /*action='google_callback',application='BoilerplateRailsApi',controller='oauth'*/[0m
  ↳ app/domains/auth/repositories/user_repository.rb:35:in `find_or_create_from_google'
  [1m[36mTRANSACTION (0.4ms)[0m  [1m[31mROLLBACK /*action='google_callback',application='BoilerplateRailsApi',controller='oauth'*/[0m
  ↳ app/domains/auth/repositories/user_repository.rb:35:in `find_or_create_from_google'
OAuth error: Mysql2::Error: Column 'encrypted_password' cannot be null
Redirected to http://localhost:5173/auth/callback?error=server_error
Completed 302 Found in 30ms (ActiveRecord: 9.6ms (4 queries, 0 cached) | GC: 0.0ms)


Started GET "/api/v1/forms/login-form" for 192.168.65.1 at 2026-03-21 20:42:56 +0000
Processing by Api::V1::FormsController#show as HTML
  Parameters: {"slug"=>"login-form"}
  [1m[36mFormSchema Load (1.5ms)[0m  [1m[34mSELECT `form_schemas`.* FROM `form_schemas` WHERE `form_schemas`.`slug` = 'login-form' AND `form_schemas`.`active` = TRUE LIMIT 1 /*action='show',application='BoilerplateRailsApi',controller='forms'*/[0m
  ↳ app/domains/forms/repositories/form_schema_repository.rb:8:in `find_by_slug'
Completed 200 OK in 9ms (Views: 0.6ms | ActiveRecord: 1.5ms (1 query, 0 cached) | GC: 0.0ms)


Started GET "/api/v1/forms/login-form" for 192.168.65.1 at 2026-03-21 20:42:56 +0000
Processing by Api::V1::FormsController#show as HTML
  Parameters: {"slug"=>"login-form"}
  [1m[36mFormSchema Load (4.5ms)[0m  [1m[34mSELECT `form_schemas`.* FROM `form_schemas` WHERE `form_schemas`.`slug` = 'login-form' AND `form_schemas`.`active` = TRUE LIMIT 1 /*action='show',application='BoilerplateRailsApi',controller='forms'*/[0m
  ↳ app/domains/forms/repositories/form_schema_repository.rb:8:in `find_by_slug'
Completed 200 OK in 7ms (Views: 0.1ms | ActiveRecord: 4.5ms (1 query, 0 cached) | GC: 0.0ms)


Started GET "/api/v1/auth/google" for 192.168.65.1 at 2026-03-21 20:43:00 +0000
Redirected to http://localhost:3000/auth/google_oauth2
Completed 301 Moved Permanently in 0ms


Started GET "/auth/google_oauth2" for 192.168.65.1 at 2026-03-21 20:43:00 +0000
(google_oauth2) Request phase initiated.
Started GET "/auth/google_oauth2/callback?state=115b15b5b6d23a2c4e8cb5ca011c716eb428d4694affefd4&iss=https%3A%2F%2Faccounts.google.com&code=4%2F0AfrIepBmJ81RVNzNIl_10BkAONy1PzFgdtNLYyp5N51iGjLZp_Ycfg9nQ1ywW3gO_ta6wg&scope=email+profile+https%3A%2F%2Fwww.googleapis.com%2Fauth%2Fuserinfo.email+https%3A%2F%2Fwww.googleapis.com%2Fauth%2Fuserinfo.profile+openid&authuser=0&hd=cincoveinticinco.com&prompt=none" for 192.168.65.1 at 2026-03-21 20:43:04 +0000
(google_oauth2) Callback phase initiated.
Processing by Api::V1::OauthController#google_callback as HTML
  Parameters: {"state"=>"115b15b5b6d23a2c4e8cb5ca011c716eb428d4694affefd4", "iss"=>"https://accounts.google.com", "code"=>"4/0AfrIepBmJ81RVNzNIl_10BkAONy1PzFgdtNLYyp5N51iGjLZp_Ycfg9nQ1ywW3gO_ta6wg", "scope"=>"email profile https://www.googleapis.com/auth/userinfo.email https://www.googleapis.com/auth/userinfo.profile openid", "authuser"=>"0", "hd"=>"cincoveinticinco.com", "prompt"=>"none"}
  [1m[36mUser Load (0.9ms)[0m  [1m[34mSELECT `users`.* FROM `users` WHERE `users`.`google_uid` = '103522933956856340115' LIMIT 1 /*action='google_callback',application='BoilerplateRailsApi',controller='oauth'*/[0m
  ↳ app/domains/auth/repositories/user_repository.rb:23:in `find_or_create_from_google'
  [1m[36mUser Load (0.6ms)[0m  [1m[34mSELECT `users`.* FROM `users` WHERE `users`.`email` = 'daniel.c@cincoveinticinco.com' LIMIT 1 /*action='google_callback',application='BoilerplateRailsApi',controller='oauth'*/[0m
  ↳ app/domains/auth/repositories/user_repository.rb:26:in `find_or_create_from_google'
  [1m[36mTRANSACTION (0.3ms)[0m  [1m[35mBEGIN /*action='google_callback',application='BoilerplateRailsApi',controller='oauth'*/[0m
  ↳ app/domains/auth/repositories/user_repository.rb:35:in `find_or_create_from_google'
  [1m[36mUser Exists? (4.1ms)[0m  [1m[34mSELECT 1 AS one FROM `users` WHERE `users`.`email` = 'daniel.c@cincoveinticinco.com' LIMIT 1 /*action='google_callback',application='BoilerplateRailsApi',controller='oauth'*/[0m
  ↳ app/domains/auth/repositories/user_repository.rb:35:in `find_or_create_from_google'
  [1m[36mUser Create (11.3ms)[0m  [1m[32mINSERT INTO `users` (`email`, `encrypted_password`, `name`, `refresh_token_hash`, `refresh_token_expires_at`, `confirmed_at`, `created_at`, `updated_at`, `super_admin`, `google_uid`, `avatar_url`, `auth_provider`) VALUES ('daniel.c@cincoveinticinco.com', NULL, 'Daniel Carrera', NULL, NULL, '2026-03-21 20:43:04.839141', '2026-03-21 20:43:04.867103', '2026-03-21 20:43:04.867103', FALSE, '103522933956856340115', 'https://lh3.googleusercontent.com/a/ACg8ocI34k_X6jocBQOv0X44VMbcVUBMFlCAQsBGJcy4emX3nbdQqbg=s200-c', 'google') RETURNING `id` /*action='google_callback',application='BoilerplateRailsApi',controller='oauth'*/[0m
  ↳ app/domains/auth/repositories/user_repository.rb:35:in `find_or_create_from_google'
  [1m[36mTRANSACTION (0.5ms)[0m  [1m[31mROLLBACK /*action='google_callback',application='BoilerplateRailsApi',controller='oauth'*/[0m
  ↳ app/domains/auth/repositories/user_repository.rb:35:in `find_or_create_from_google'
OAuth error: Mysql2::Error: Column 'encrypted_password' cannot be null
Redirected to http://localhost:5173/auth/callback?error=server_error
Completed 302 Found in 54ms (ActiveRecord: 17.7ms (4 queries, 0 cached) | GC: 10.4ms)


Started GET "/api/v1/forms/login-form" for 192.168.65.1 at 2026-03-21 20:43:05 +0000
Processing by Api::V1::FormsController#show as HTML
  Parameters: {"slug"=>"login-form"}
  [1m[36mFormSchema Load (0.6ms)[0m  [1m[34mSELECT `form_schemas`.* FROM `form_schemas` WHERE `form_schemas`.`slug` = 'login-form' AND `form_schemas`.`active` = TRUE LIMIT 1 /*action='show',application='BoilerplateRailsApi',controller='forms'*/[0m
  ↳ app/domains/forms/repositories/form_schema_repository.rb:8:in `find_by_slug'
Completed 200 OK in 3ms (Views: 0.1ms | ActiveRecord: 0.6ms (1 query, 0 cached) | GC: 0.0ms)


Started GET "/api/v1/forms/login-form" for 192.168.65.1 at 2026-03-21 20:43:05 +0000
Processing by Api::V1::FormsController#show as HTML
  Parameters: {"slug"=>"login-form"}
  [1m[36mFormSchema Load (0.8ms)[0m  [1m[34mSELECT `form_schemas`.* FROM `form_schemas` WHERE `form_schemas`.`slug` = 'login-form' AND `form_schemas`.`active` = TRUE LIMIT 1 /*action='show',application='BoilerplateRailsApi',controller='forms'*/[0m
  ↳ app/domains/forms/repositories/form_schema_repository.rb:8:in `find_by_slug'
Completed 200 OK in 3ms (Views: 0.1ms | ActiveRecord: 0.8ms (1 query, 0 cached) | GC: 0.0ms)


Started GET "/api/v1/auth/google" for 192.168.65.1 at 2026-03-21 20:43:08 +0000
Redirected to http://localhost:3000/auth/google_oauth2
Completed 301 Moved Permanently in 0ms


Started GET "/auth/google_oauth2" for 192.168.65.1 at 2026-03-21 20:43:08 +0000
(google_oauth2) Request phase initiated.
Started GET "/auth/google_oauth2/callback?state=48b1a7166ab511e7d36f4e995462f53a8ebf3d2c29b5e2d7&iss=https%3A%2F%2Faccounts.google.com&code=4%2F0AfrIepCi33Y9RkX4Y8MXUktjhVdMo6upMWzVWquPdArBAGJVJnakjILj20SEDR4KtD24Tw&scope=email+profile+https%3A%2F%2Fwww.googleapis.com%2Fauth%2Fuserinfo.profile+https%3A%2F%2Fwww.googleapis.com%2Fauth%2Fuserinfo.email+openid&authuser=0&hd=cincoveinticinco.com&prompt=none" for 192.168.65.1 at 2026-03-21 20:43:11 +0000
(google_oauth2) Callback phase initiated.
Processing by Api::V1::OauthController#google_callback as HTML
  Parameters: {"state"=>"48b1a7166ab511e7d36f4e995462f53a8ebf3d2c29b5e2d7", "iss"=>"https://accounts.google.com", "code"=>"4/0AfrIepCi33Y9RkX4Y8MXUktjhVdMo6upMWzVWquPdArBAGJVJnakjILj20SEDR4KtD24Tw", "scope"=>"email profile https://www.googleapis.com/auth/userinfo.profile https://www.googleapis.com/auth/userinfo.email openid", "authuser"=>"0", "hd"=>"cincoveinticinco.com", "prompt"=>"none"}
  [1m[36mUser Load (1.0ms)[0m  [1m[34mSELECT `users`.* FROM `users` WHERE `users`.`google_uid` = '103522933956856340115' LIMIT 1 /*action='google_callback',application='BoilerplateRailsApi',controller='oauth'*/[0m
  ↳ app/domains/auth/repositories/user_repository.rb:23:in `find_or_create_from_google'
  [1m[36mUser Load (0.6ms)[0m  [1m[34mSELECT `users`.* FROM `users` WHERE `users`.`email` = 'daniel.c@cincoveinticinco.com' LIMIT 1 /*action='google_callback',application='BoilerplateRailsApi',controller='oauth'*/[0m
  ↳ app/domains/auth/repositories/user_repository.rb:26:in `find_or_create_from_google'
  [1m[36mTRANSACTION (1.2ms)[0m  [1m[35mBEGIN /*action='google_callback',application='BoilerplateRailsApi',controller='oauth'*/[0m
  ↳ app/domains/auth/repositories/user_repository.rb:35:in `find_or_create_from_google'
  [1m[36mUser Exists? (6.4ms)[0m  [1m[34mSELECT 1 AS one FROM `users` WHERE `users`.`email` = 'daniel.c@cincoveinticinco.com' LIMIT 1 /*action='google_callback',application='BoilerplateRailsApi',controller='oauth'*/[0m
  ↳ app/domains/auth/repositories/user_repository.rb:35:in `find_or_create_from_google'
  [1m[36mUser Create (1.0ms)[0m  [1m[32mINSERT INTO `users` (`email`, `encrypted_password`, `name`, `refresh_token_hash`, `refresh_token_expires_at`, `confirmed_at`, `created_at`, `updated_at`, `super_admin`, `google_uid`, `avatar_url`, `auth_provider`) VALUES ('daniel.c@cincoveinticinco.com', NULL, 'Daniel Carrera', NULL, NULL, '2026-03-21 20:43:12.155737', '2026-03-21 20:43:12.167749', '2026-03-21 20:43:12.167749', FALSE, '103522933956856340115', 'https://lh3.googleusercontent.com/a/ACg8ocI34k_X6jocBQOv0X44VMbcVUBMFlCAQsBGJcy4emX3nbdQqbg=s200-c', 'google') RETURNING `id` /*action='google_callback',application='BoilerplateRailsApi',controller='oauth'*/[0m
  ↳ app/domains/auth/repositories/user_repository.rb:35:in `find_or_create_from_google'
  [1m[36mTRANSACTION (0.6ms)[0m  [1m[31mROLLBACK /*action='google_callback',application='BoilerplateRailsApi',controller='oauth'*/[0m
  ↳ app/domains/auth/repositories/user_repository.rb:35:in `find_or_create_from_google'
OAuth error: Mysql2::Error: Column 'encrypted_password' cannot be null
Redirected to http://localhost:5173/auth/callback?error=server_error
Completed 302 Found in 30ms (ActiveRecord: 10.7ms (4 queries, 0 cached) | GC: 2.8ms)


Started GET "/api/v1/forms/login-form" for 192.168.65.1 at 2026-03-21 20:43:12 +0000
Processing by Api::V1::FormsController#show as HTML
  Parameters: {"slug"=>"login-form"}
  [1m[36mFormSchema Load (1.6ms)[0m  [1m[34mSELECT `form_schemas`.* FROM `form_schemas` WHERE `form_schemas`.`slug` = 'login-form' AND `form_schemas`.`active` = TRUE LIMIT 1 /*action='show',application='BoilerplateRailsApi',controller='forms'*/[0m
  ↳ app/domains/forms/repositories/form_schema_repository.rb:8:in `find_by_slug'
Completed 200 OK in 5ms (Views: 0.1ms | ActiveRecord: 1.6ms (1 query, 0 cached) | GC: 0.0ms)


Started GET "/api/v1/forms/login-form" for 192.168.65.1 at 2026-03-21 20:43:12 +0000
Processing by Api::V1::FormsController#show as HTML
  Parameters: {"slug"=>"login-form"}
  [1m[36mFormSchema Load (0.7ms)[0m  [1m[34mSELECT `form_schemas`.* FROM `form_schemas` WHERE `form_schemas`.`slug` = 'login-form' AND `form_schemas`.`active` = TRUE LIMIT 1 /*action='show',application='BoilerplateRailsApi',controller='forms'*/[0m
  ↳ app/domains/forms/repositories/form_schema_repository.rb:8:in `find_by_slug'
Completed 200 OK in 4ms (Views: 0.1ms | ActiveRecord: 0.7ms (1 query, 0 cached) | GC: 0.0ms)


Started GET "/api/v1/forms/login-form" for 192.168.65.1 at 2026-03-21 20:44:41 +0000
Processing by Api::V1::FormsController#show as HTML
  Parameters: {"slug"=>"login-form"}
  [1m[36mFormSchema Load (2.5ms)[0m  [1m[34mSELECT `form_schemas`.* FROM `form_schemas` WHERE `form_schemas`.`slug` = 'login-form' AND `form_schemas`.`active` = TRUE LIMIT 1 /*action='show',application='BoilerplateRailsApi',controller='forms'*/[0m
  ↳ app/domains/forms/repositories/form_schema_repository.rb:8:in `find_by_slug'
Completed 200 OK in 5ms (Views: 0.1ms | ActiveRecord: 2.5ms (1 query, 0 cached) | GC: 0.0ms)


Started GET "/api/v1/auth/google" for 192.168.65.1 at 2026-03-21 20:45:01 +0000
Redirected to http://localhost:3000/auth/google_oauth2
Completed 301 Moved Permanently in 1ms


Started GET "/auth/google_oauth2" for 192.168.65.1 at 2026-03-21 20:45:01 +0000
(google_oauth2) Request phase initiated.
Started GET "/auth/google_oauth2/callback?state=f90707dd155a9e1ab393c19b60e89ff129f796ec627c533a&iss=https%3A%2F%2Faccounts.google.com&code=4%2F0AfrIepCa-RSV3H9lIEuBa685uw8G0CxwnhVtzOxGsQ9H83k_xY4woJsDW1w3z9dh8SjtNg&scope=email+profile+https%3A%2F%2Fwww.googleapis.com%2Fauth%2Fuserinfo.profile+openid+https%3A%2F%2Fwww.googleapis.com%2Fauth%2Fuserinfo.email&authuser=0&hd=cincoveinticinco.com&prompt=none" for 192.168.65.1 at 2026-03-21 20:45:05 +0000
(google_oauth2) Callback phase initiated.
Processing by Api::V1::OauthController#google_callback as HTML
  Parameters: {"state"=>"f90707dd155a9e1ab393c19b60e89ff129f796ec627c533a", "iss"=>"https://accounts.google.com", "code"=>"4/0AfrIepCa-RSV3H9lIEuBa685uw8G0CxwnhVtzOxGsQ9H83k_xY4woJsDW1w3z9dh8SjtNg", "scope"=>"email profile https://www.googleapis.com/auth/userinfo.profile openid https://www.googleapis.com/auth/userinfo.email", "authuser"=>"0", "hd"=>"cincoveinticinco.com", "prompt"=>"none"}
  [1m[36mUser Load (0.7ms)[0m  [1m[34mSELECT `users`.* FROM `users` WHERE `users`.`google_uid` = '103522933956856340115' LIMIT 1 /*action='google_callback',application='BoilerplateRailsApi',controller='oauth'*/[0m
  ↳ app/domains/auth/repositories/user_repository.rb:23:in `find_or_create_from_google'
  [1m[36mUser Load (0.7ms)[0m  [1m[34mSELECT `users`.* FROM `users` WHERE `users`.`email` = 'daniel.c@cincoveinticinco.com' LIMIT 1 /*action='google_callback',application='BoilerplateRailsApi',controller='oauth'*/[0m
  ↳ app/domains/auth/repositories/user_repository.rb:26:in `find_or_create_from_google'
  [1m[36mTRANSACTION (0.7ms)[0m  [1m[35mBEGIN /*action='google_callback',application='BoilerplateRailsApi',controller='oauth'*/[0m
  ↳ app/domains/auth/repositories/user_repository.rb:35:in `find_or_create_from_google'
  [1m[36mUser Exists? (4.0ms)[0m  [1m[34mSELECT 1 AS one FROM `users` WHERE `users`.`email` = 'daniel.c@cincoveinticinco.com' LIMIT 1 /*action='google_callback',application='BoilerplateRailsApi',controller='oauth'*/[0m
  ↳ app/domains/auth/repositories/user_repository.rb:35:in `find_or_create_from_google'
  [1m[36mUser Create (0.8ms)[0m  [1m[32mINSERT INTO `users` (`email`, `encrypted_password`, `name`, `refresh_token_hash`, `refresh_token_expires_at`, `confirmed_at`, `created_at`, `updated_at`, `super_admin`, `google_uid`, `avatar_url`, `auth_provider`) VALUES ('daniel.c@cincoveinticinco.com', NULL, 'Daniel Carrera', NULL, NULL, '2026-03-21 20:45:06.393670', '2026-03-21 20:45:06.401356', '2026-03-21 20:45:06.401356', FALSE, '103522933956856340115', 'https://lh3.googleusercontent.com/a/ACg8ocI34k_X6jocBQOv0X44VMbcVUBMFlCAQsBGJcy4emX3nbdQqbg=s200-c', 'google') RETURNING `id` /*action='google_callback',application='BoilerplateRailsApi',controller='oauth'*/[0m
  ↳ app/domains/auth/repositories/user_repository.rb:35:in `find_or_create_from_google'
  [1m[36mTRANSACTION (0.4ms)[0m  [1m[31mROLLBACK /*action='google_callback',application='BoilerplateRailsApi',controller='oauth'*/[0m
  ↳ app/domains/auth/repositories/user_repository.rb:35:in `find_or_create_from_google'
OAuth error: Mysql2::Error: Column 'encrypted_password' cannot be null
Redirected to http://localhost:5173/auth/callback?error=server_error
Completed 302 Found in 20ms (ActiveRecord: 7.2ms (4 queries, 0 cached) | GC: 0.0ms)


Started GET "/api/v1/forms/login-form" for 192.168.65.1 at 2026-03-21 20:45:07 +0000
Processing by Api::V1::FormsController#show as HTML
  Parameters: {"slug"=>"login-form"}
  [1m[36mFormSchema Load (0.9ms)[0m  [1m[34mSELECT `form_schemas`.* FROM `form_schemas` WHERE `form_schemas`.`slug` = 'login-form' AND `form_schemas`.`active` = TRUE LIMIT 1 /*action='show',application='BoilerplateRailsApi',controller='forms'*/[0m
  ↳ app/domains/forms/repositories/form_schema_repository.rb:8:in `find_by_slug'
Completed 200 OK in 13ms (Views: 9.2ms | ActiveRecord: 0.9ms (1 query, 0 cached) | GC: 1.7ms)


Started GET "/api/v1/forms/login-form" for 192.168.65.1 at 2026-03-21 20:45:07 +0000
Processing by Api::V1::FormsController#show as HTML
  Parameters: {"slug"=>"login-form"}
  [1m[36mFormSchema Load (0.8ms)[0m  [1m[34mSELECT `form_schemas`.* FROM `form_schemas` WHERE `form_schemas`.`slug` = 'login-form' AND `form_schemas`.`active` = TRUE LIMIT 1 /*action='show',application='BoilerplateRailsApi',controller='forms'*/[0m
  ↳ app/domains/forms/repositories/form_schema_repository.rb:8:in `find_by_slug'
Completed 200 OK in 4ms (Views: 0.1ms | ActiveRecord: 0.8ms (1 query, 0 cached) | GC: 0.0ms)


Started GET "/api/v1/auth/google" for 192.168.65.1 at 2026-03-21 20:45:10 +0000
Redirected to http://localhost:3000/auth/google_oauth2
Completed 301 Moved Permanently in 0ms


Started GET "/auth/google_oauth2" for 192.168.65.1 at 2026-03-21 20:45:10 +0000
(google_oauth2) Request phase initiated.
Started GET "/auth/google_oauth2/callback?state=25e87c1f297daacda3de887c037fbce068f3b40998db4ef5&iss=https%3A%2F%2Faccounts.google.com&code=4%2F0AfrIepDA7i8BuTJUawijJxalqbJwLeRk9HJ0p82yZIG-3b1jNuE92xEE8KH_aXEc1Jan2Q&scope=email+profile+https%3A%2F%2Fwww.googleapis.com%2Fauth%2Fuserinfo.profile+https%3A%2F%2Fwww.googleapis.com%2Fauth%2Fuserinfo.email+openid&authuser=0&hd=cincoveinticinco.com&prompt=none" for 192.168.65.1 at 2026-03-21 20:45:13 +0000
(google_oauth2) Callback phase initiated.
Processing by Api::V1::OauthController#google_callback as HTML
  Parameters: {"state"=>"25e87c1f297daacda3de887c037fbce068f3b40998db4ef5", "iss"=>"https://accounts.google.com", "code"=>"4/0AfrIepDA7i8BuTJUawijJxalqbJwLeRk9HJ0p82yZIG-3b1jNuE92xEE8KH_aXEc1Jan2Q", "scope"=>"email profile https://www.googleapis.com/auth/userinfo.profile https://www.googleapis.com/auth/userinfo.email openid", "authuser"=>"0", "hd"=>"cincoveinticinco.com", "prompt"=>"none"}
  [1m[36mUser Load (0.8ms)[0m  [1m[34mSELECT `users`.* FROM `users` WHERE `users`.`google_uid` = '103522933956856340115' LIMIT 1 /*action='google_callback',application='BoilerplateRailsApi',controller='oauth'*/[0m
  ↳ app/domains/auth/repositories/user_repository.rb:23:in `find_or_create_from_google'
  [1m[36mUser Load (0.5ms)[0m  [1m[34mSELECT `users`.* FROM `users` WHERE `users`.`email` = 'daniel.c@cincoveinticinco.com' LIMIT 1 /*action='google_callback',application='BoilerplateRailsApi',controller='oauth'*/[0m
  ↳ app/domains/auth/repositories/user_repository.rb:26:in `find_or_create_from_google'
  [1m[36mTRANSACTION (0.4ms)[0m  [1m[35mBEGIN /*action='google_callback',application='BoilerplateRailsApi',controller='oauth'*/[0m
  ↳ app/domains/auth/repositories/user_repository.rb:35:in `find_or_create_from_google'
  [1m[36mUser Exists? (3.7ms)[0m  [1m[34mSELECT 1 AS one FROM `users` WHERE `users`.`email` = 'daniel.c@cincoveinticinco.com' LIMIT 1 /*action='google_callback',application='BoilerplateRailsApi',controller='oauth'*/[0m
  ↳ app/domains/auth/repositories/user_repository.rb:35:in `find_or_create_from_google'
  [1m[36mUser Create (0.7ms)[0m  [1m[32mINSERT INTO `users` (`email`, `encrypted_password`, `name`, `refresh_token_hash`, `refresh_token_expires_at`, `confirmed_at`, `created_at`, `updated_at`, `super_admin`, `google_uid`, `avatar_url`, `auth_provider`) VALUES ('daniel.c@cincoveinticinco.com', NULL, 'Daniel Carrera', NULL, NULL, '2026-03-21 20:45:13.957002', '2026-03-21 20:45:13.964766', '2026-03-21 20:45:13.964766', FALSE, '103522933956856340115', 'https://lh3.googleusercontent.com/a/ACg8ocI34k_X6jocBQOv0X44VMbcVUBMFlCAQsBGJcy4emX3nbdQqbg=s200-c', 'google') RETURNING `id` /*action='google_callback',application='BoilerplateRailsApi',controller='oauth'*/[0m
  ↳ app/domains/auth/repositories/user_repository.rb:35:in `find_or_create_from_google'
  [1m[36mTRANSACTION (0.3ms)[0m  [1m[31mROLLBACK /*action='google_callback',application='BoilerplateRailsApi',controller='oauth'*/[0m
  ↳ app/domains/auth/repositories/user_repository.rb:35:in `find_or_create_from_google'
OAuth error: Mysql2::Error: Column 'encrypted_password' cannot be null
Redirected to http://localhost:5173/auth/callback?error=server_error
Completed 302 Found in 22ms (ActiveRecord: 6.3ms (4 queries, 0 cached) | GC: 0.0ms)


Started GET "/api/v1/forms/login-form" for 192.168.65.1 at 2026-03-21 20:45:14 +0000
Processing by Api::V1::FormsController#show as HTML
  Parameters: {"slug"=>"login-form"}
  [1m[36mFormSchema Load (0.9ms)[0m  [1m[34mSELECT `form_schemas`.* FROM `form_schemas` WHERE `form_schemas`.`slug` = 'login-form' AND `form_schemas`.`active` = TRUE LIMIT 1 /*action='show',application='BoilerplateRailsApi',controller='forms'*/[0m
  ↳ app/domains/forms/repositories/form_schema_repository.rb:8:in `find_by_slug'
Completed 200 OK in 7ms (Views: 0.1ms | ActiveRecord: 0.9ms (1 query, 0 cached) | GC: 3.0ms)


Started GET "/api/v1/forms/login-form" for 192.168.65.1 at 2026-03-21 20:45:14 +0000
Processing by Api::V1::FormsController#show as HTML
  Parameters: {"slug"=>"login-form"}
  [1m[36mFormSchema Load (0.9ms)[0m  [1m[34mSELECT `form_schemas`.* FROM `form_schemas` WHERE `form_schemas`.`slug` = 'login-form' AND `form_schemas`.`active` = TRUE LIMIT 1 /*action='show',application='BoilerplateRailsApi',controller='forms'*/[0m
  ↳ app/domains/forms/repositories/form_schema_repository.rb:8:in `find_by_slug'
Completed 200 OK in 3ms (Views: 0.1ms | ActiveRecord: 0.8ms (1 query, 0 cached) | GC: 0.0ms)


Started GET "/api/v1/auth/google" for 192.168.65.1 at 2026-03-21 20:45:15 +0000
Redirected to http://localhost:3000/auth/google_oauth2
Completed 301 Moved Permanently in 0ms


Started GET "/auth/google_oauth2" for 192.168.65.1 at 2026-03-21 20:45:15 +0000
(google_oauth2) Request phase initiated.
Started GET "/auth/google_oauth2/callback?state=94c06e73322c30baea97abcba59d4b4883dfcb05ab113fb0&iss=https%3A%2F%2Faccounts.google.com&code=4%2F0AfrIepDQO1ygl2knz6RyXyDH6hElWvY4E8FiT4PWW4a_7q5GJ-dt_VXtlzCfALdnpmFPsQ&scope=email+profile+https%3A%2F%2Fwww.googleapis.com%2Fauth%2Fuserinfo.profile+openid+https%3A%2F%2Fwww.googleapis.com%2Fauth%2Fuserinfo.email&authuser=0&hd=cincoveinticinco.com&prompt=none" for 192.168.65.1 at 2026-03-21 20:45:24 +0000
(google_oauth2) Callback phase initiated.
Processing by Api::V1::OauthController#google_callback as HTML
  Parameters: {"state"=>"94c06e73322c30baea97abcba59d4b4883dfcb05ab113fb0", "iss"=>"https://accounts.google.com", "code"=>"4/0AfrIepDQO1ygl2knz6RyXyDH6hElWvY4E8FiT4PWW4a_7q5GJ-dt_VXtlzCfALdnpmFPsQ", "scope"=>"email profile https://www.googleapis.com/auth/userinfo.profile openid https://www.googleapis.com/auth/userinfo.email", "authuser"=>"0", "hd"=>"cincoveinticinco.com", "prompt"=>"none"}
  [1m[36mUser Load (1.6ms)[0m  [1m[34mSELECT `users`.* FROM `users` WHERE `users`.`google_uid` = '103522933956856340115' LIMIT 1 /*action='google_callback',application='BoilerplateRailsApi',controller='oauth'*/[0m
  ↳ app/domains/auth/repositories/user_repository.rb:23:in `find_or_create_from_google'
  [1m[36mUser Load (0.9ms)[0m  [1m[34mSELECT `users`.* FROM `users` WHERE `users`.`email` = 'daniel.c@cincoveinticinco.com' LIMIT 1 /*action='google_callback',application='BoilerplateRailsApi',controller='oauth'*/[0m
  ↳ app/domains/auth/repositories/user_repository.rb:26:in `find_or_create_from_google'
  [1m[36mTRANSACTION (0.6ms)[0m  [1m[35mBEGIN /*action='google_callback',application='BoilerplateRailsApi',controller='oauth'*/[0m
  ↳ app/domains/auth/repositories/user_repository.rb:35:in `find_or_create_from_google'
  [1m[36mUser Exists? (5.4ms)[0m  [1m[34mSELECT 1 AS one FROM `users` WHERE `users`.`email` = 'daniel.c@cincoveinticinco.com' LIMIT 1 /*action='google_callback',application='BoilerplateRailsApi',controller='oauth'*/[0m
  ↳ app/domains/auth/repositories/user_repository.rb:35:in `find_or_create_from_google'
  [1m[36mUser Create (0.9ms)[0m  [1m[32mINSERT INTO `users` (`email`, `encrypted_password`, `name`, `refresh_token_hash`, `refresh_token_expires_at`, `confirmed_at`, `created_at`, `updated_at`, `super_admin`, `google_uid`, `avatar_url`, `auth_provider`) VALUES ('daniel.c@cincoveinticinco.com', NULL, 'Daniel Carrera', NULL, NULL, '2026-03-21 20:45:25.178350', '2026-03-21 20:45:25.186724', '2026-03-21 20:45:25.186724', FALSE, '103522933956856340115', 'https://lh3.googleusercontent.com/a/ACg8ocI34k_X6jocBQOv0X44VMbcVUBMFlCAQsBGJcy4emX3nbdQqbg=s200-c', 'google') RETURNING `id` /*action='google_callback',application='BoilerplateRailsApi',controller='oauth'*/[0m
  ↳ app/domains/auth/repositories/user_repository.rb:35:in `find_or_create_from_google'
  [1m[36mTRANSACTION (0.4ms)[0m  [1m[31mROLLBACK /*action='google_callback',application='BoilerplateRailsApi',controller='oauth'*/[0m
  ↳ app/domains/auth/repositories/user_repository.rb:35:in `find_or_create_from_google'
OAuth error: Mysql2::Error: Column 'encrypted_password' cannot be null
Redirected to http://localhost:5173/auth/callback?error=server_error
Completed 302 Found in 23ms (ActiveRecord: 9.7ms (4 queries, 0 cached) | GC: 0.0ms)


Started GET "/api/v1/forms/login-form" for 192.168.65.1 at 2026-03-21 20:45:25 +0000
Processing by Api::V1::FormsController#show as HTML
  Parameters: {"slug"=>"login-form"}
  [1m[36mFormSchema Load (0.6ms)[0m  [1m[34mSELECT `form_schemas`.* FROM `form_schemas` WHERE `form_schemas`.`slug` = 'login-form' AND `form_schemas`.`active` = TRUE LIMIT 1 /*action='show',application='BoilerplateRailsApi',controller='forms'*/[0m
  ↳ app/domains/forms/repositories/form_schema_repository.rb:8:in `find_by_slug'
Completed 200 OK in 2ms (Views: 0.1ms | ActiveRecord: 0.6ms (1 query, 0 cached) | GC: 0.0ms)


Started GET "/api/v1/forms/login-form" for 192.168.65.1 at 2026-03-21 20:45:25 +0000
Processing by Api::V1::FormsController#show as HTML
  Parameters: {"slug"=>"login-form"}
  [1m[36mFormSchema Load (1.2ms)[0m  [1m[34mSELECT `form_schemas`.* FROM `form_schemas` WHERE `form_schemas`.`slug` = 'login-form' AND `form_schemas`.`active` = TRUE LIMIT 1 /*action='show',application='BoilerplateRailsApi',controller='forms'*/[0m
  ↳ app/domains/forms/repositories/form_schema_repository.rb:8:in `find_by_slug'
Completed 200 OK in 5ms (Views: 0.3ms | ActiveRecord: 1.2ms (1 query, 0 cached) | GC: 0.0ms)


  [1m[36mActiveRecord::SchemaMigration Load (5.3ms)[0m  [1m[34mSELECT `schema_migrations`.`version` FROM `schema_migrations` ORDER BY `schema_migrations`.`version` ASC /*application='BoilerplateRailsApi'*/[0m
  [1m[36mActiveRecord::SchemaMigration Load (0.6ms)[0m  [1m[34mSELECT `schema_migrations`.`version` FROM `schema_migrations` ORDER BY `schema_migrations`.`version` ASC /*application='BoilerplateRailsApi'*/[0m
Started GET "/api/v1/auth/google" for 192.168.65.1 at 2026-03-21 20:47:52 +0000
  [1m[36mActiveRecord::SchemaMigration Load (2.0ms)[0m  [1m[34mSELECT `schema_migrations`.`version` FROM `schema_migrations` ORDER BY `schema_migrations`.`version` ASC /*application='BoilerplateRailsApi'*/[0m
Redirected to http://localhost:3000/auth/google_oauth2
Completed 301 Moved Permanently in 5ms


Started GET "/auth/google_oauth2" for 192.168.65.1 at 2026-03-21 20:47:52 +0000
(google_oauth2) Request phase initiated.
Started GET "/auth/google_oauth2/callback?state=807e2e2a1b6462e94243a5efe2a16c91f440fe0b9fb18771&iss=https%3A%2F%2Faccounts.google.com&code=4%2F0AfrIepClYUxl-kNeEo3_m9K1Hi4uR2fUC4f1kppGC16O-9o6fbSNp79dpviDI7Com5ejQA&scope=email+profile+https%3A%2F%2Fwww.googleapis.com%2Fauth%2Fuserinfo.email+https%3A%2F%2Fwww.googleapis.com%2Fauth%2Fuserinfo.profile+openid&authuser=0&hd=cincoveinticinco.com&prompt=none" for 192.168.65.1 at 2026-03-21 20:47:56 +0000
(google_oauth2) Callback phase initiated.
Processing by Api::V1::OauthController#google_callback as HTML
  Parameters: {"state"=>"807e2e2a1b6462e94243a5efe2a16c91f440fe0b9fb18771", "iss"=>"https://accounts.google.com", "code"=>"4/0AfrIepClYUxl-kNeEo3_m9K1Hi4uR2fUC4f1kppGC16O-9o6fbSNp79dpviDI7Com5ejQA", "scope"=>"email profile https://www.googleapis.com/auth/userinfo.email https://www.googleapis.com/auth/userinfo.profile openid", "authuser"=>"0", "hd"=>"cincoveinticinco.com", "prompt"=>"none"}
  [1m[36mUser Load (5.4ms)[0m  [1m[34mSELECT `users`.* FROM `users` WHERE `users`.`google_uid` = '103522933956856340115' LIMIT 1 /*action='google_callback',application='BoilerplateRailsApi',controller='oauth'*/[0m
  ↳ app/domains/auth/repositories/user_repository.rb:23:in `find_or_create_from_google'
  [1m[36mUser Load (0.8ms)[0m  [1m[34mSELECT `users`.* FROM `users` WHERE `users`.`email` = 'daniel.c@cincoveinticinco.com' LIMIT 1 /*action='google_callback',application='BoilerplateRailsApi',controller='oauth'*/[0m
  ↳ app/domains/auth/repositories/user_repository.rb:26:in `find_or_create_from_google'
  [1m[36mTRANSACTION (0.6ms)[0m  [1m[35mBEGIN /*action='google_callback',application='BoilerplateRailsApi',controller='oauth'*/[0m
  ↳ app/domains/auth/repositories/user_repository.rb:35:in `find_or_create_from_google'
  [1m[36mUser Exists? (7.3ms)[0m  [1m[34mSELECT 1 AS one FROM `users` WHERE `users`.`email` = 'daniel.c@cincoveinticinco.com' LIMIT 1 /*action='google_callback',application='BoilerplateRailsApi',controller='oauth'*/[0m
  ↳ app/domains/auth/repositories/user_repository.rb:35:in `find_or_create_from_google'
  [1m[36mUser Create (0.7ms)[0m  [1m[32mINSERT INTO `users` (`email`, `encrypted_password`, `name`, `refresh_token_hash`, `refresh_token_expires_at`, `confirmed_at`, `created_at`, `updated_at`, `super_admin`, `google_uid`, `avatar_url`, `auth_provider`) VALUES ('daniel.c@cincoveinticinco.com', NULL, 'Daniel Carrera', NULL, NULL, '2026-03-21 20:47:57.452907', '2026-03-21 20:47:57.525758', '2026-03-21 20:47:57.525758', FALSE, '103522933956856340115', 'https://lh3.googleusercontent.com/a/ACg8ocI34k_X6jocBQOv0X44VMbcVUBMFlCAQsBGJcy4emX3nbdQqbg=s200-c', 'google') RETURNING `id` /*action='google_callback',application='BoilerplateRailsApi',controller='oauth'*/[0m
  ↳ app/domains/auth/repositories/user_repository.rb:35:in `find_or_create_from_google'
  [1m[36mTRANSACTION (0.5ms)[0m  [1m[31mROLLBACK /*action='google_callback',application='BoilerplateRailsApi',controller='oauth'*/[0m
  ↳ app/domains/auth/repositories/user_repository.rb:35:in `find_or_create_from_google'
OAuth error: Mysql2::Error: Column 'encrypted_password' cannot be null
Redirected to http://localhost:5173/auth/callback?error=server_error
Completed 302 Found in 221ms (ActiveRecord: 27.7ms (4 queries, 0 cached) | GC: 24.3ms)


Started GET "/api/v1/auth/google" for 192.168.65.1 at 2026-03-21 20:48:13 +0000
Redirected to http://localhost:3000/auth/google_oauth2
Completed 301 Moved Permanently in 3ms


Started GET "/auth/google_oauth2" for 192.168.65.1 at 2026-03-21 20:48:13 +0000
(google_oauth2) Request phase initiated.
Started GET "/auth/google_oauth2/callback?state=23b9b9be9fce2567c1dd781a295099ed79e2e22577ffeec8&iss=https%3A%2F%2Faccounts.google.com&code=4%2F0AfrIepCiufA6jn0OYivmYf2z_03fucRNKwa5ROfN4RjHptKVE1pLsl-Zw3VVEduk3ZMI_g&scope=email+profile+https%3A%2F%2Fwww.googleapis.com%2Fauth%2Fuserinfo.profile+https%3A%2F%2Fwww.googleapis.com%2Fauth%2Fuserinfo.email+openid&authuser=0&hd=cincoveinticinco.com&prompt=none" for 192.168.65.1 at 2026-03-21 20:48:16 +0000
(google_oauth2) Callback phase initiated.
Processing by Api::V1::OauthController#google_callback as HTML
  Parameters: {"state"=>"23b9b9be9fce2567c1dd781a295099ed79e2e22577ffeec8", "iss"=>"https://accounts.google.com", "code"=>"4/0AfrIepCiufA6jn0OYivmYf2z_03fucRNKwa5ROfN4RjHptKVE1pLsl-Zw3VVEduk3ZMI_g", "scope"=>"email profile https://www.googleapis.com/auth/userinfo.profile https://www.googleapis.com/auth/userinfo.email openid", "authuser"=>"0", "hd"=>"cincoveinticinco.com", "prompt"=>"none"}
  [1m[36mUser Load (2.5ms)[0m  [1m[34mSELECT `users`.* FROM `users` WHERE `users`.`google_uid` = '103522933956856340115' LIMIT 1 /*action='google_callback',application='BoilerplateRailsApi',controller='oauth'*/[0m
  ↳ app/domains/auth/repositories/user_repository.rb:23:in `find_or_create_from_google'
  [1m[36mUser Load (0.8ms)[0m  [1m[34mSELECT `users`.* FROM `users` WHERE `users`.`email` = 'daniel.c@cincoveinticinco.com' LIMIT 1 /*action='google_callback',application='BoilerplateRailsApi',controller='oauth'*/[0m
  ↳ app/domains/auth/repositories/user_repository.rb:26:in `find_or_create_from_google'
  [1m[36mTRANSACTION (0.6ms)[0m  [1m[35mBEGIN /*action='google_callback',application='BoilerplateRailsApi',controller='oauth'*/[0m
  ↳ app/domains/auth/repositories/user_repository.rb:35:in `find_or_create_from_google'
  [1m[36mUser Exists? (8.6ms)[0m  [1m[34mSELECT 1 AS one FROM `users` WHERE `users`.`email` = 'daniel.c@cincoveinticinco.com' LIMIT 1 /*action='google_callback',application='BoilerplateRailsApi',controller='oauth'*/[0m
  ↳ app/domains/auth/repositories/user_repository.rb:35:in `find_or_create_from_google'
  [1m[36mUser Create (2.4ms)[0m  [1m[32mINSERT INTO `users` (`email`, `encrypted_password`, `name`, `refresh_token_hash`, `refresh_token_expires_at`, `confirmed_at`, `created_at`, `updated_at`, `super_admin`, `google_uid`, `avatar_url`, `auth_provider`) VALUES ('daniel.c@cincoveinticinco.com', NULL, 'Daniel Carrera', NULL, NULL, '2026-03-21 20:48:17.769533', '2026-03-21 20:48:17.786328', '2026-03-21 20:48:17.786328', FALSE, '103522933956856340115', 'https://lh3.googleusercontent.com/a/ACg8ocI34k_X6jocBQOv0X44VMbcVUBMFlCAQsBGJcy4emX3nbdQqbg=s200-c', 'google') RETURNING `id` /*action='google_callback',application='BoilerplateRailsApi',controller='oauth'*/[0m
  ↳ app/domains/auth/repositories/user_repository.rb:35:in `find_or_create_from_google'
  [1m[36mTRANSACTION (0.5ms)[0m  [1m[31mROLLBACK /*action='google_callback',application='BoilerplateRailsApi',controller='oauth'*/[0m
  ↳ app/domains/auth/repositories/user_repository.rb:35:in `find_or_create_from_google'
OAuth error: Mysql2::Error: Column 'encrypted_password' cannot be null
Redirected to http://localhost:5173/auth/callback?error=server_error
Completed 302 Found in 46ms (ActiveRecord: 16.2ms (4 queries, 0 cached) | GC: 10.6ms)


  [1m[35mSQL (1.8ms)[0m  [1m[34mSELECT GET_LOCK('7706711770149502845', 0) /*application='BoilerplateRailsApi'*/[0m
  [1m[36mActiveRecord::SchemaMigration Load (2.5ms)[0m  [1m[34mSELECT `schema_migrations`.`version` FROM `schema_migrations` ORDER BY `schema_migrations`.`version` ASC /*application='BoilerplateRailsApi'*/[0m
  [1m[36mActiveRecord::InternalMetadata Load (1.8ms)[0m  [1m[34mSELECT * FROM `ar_internal_metadata` WHERE `ar_internal_metadata`.`key` = 'environment' ORDER BY `ar_internal_metadata`.`key` ASC LIMIT 1 /*application='BoilerplateRailsApi'*/[0m
Migrating to AllowNullEncryptedPasswordForOauthUsers (9)
  [1m[35m (67.6ms)[0m  [1m[35mALTER TABLE `users` CHANGE `encrypted_password` `encrypted_password` varchar(255) COLLATE utf8mb4_general_ci DEFAULT NULL /*application='BoilerplateRailsApi'*/[0m
  [1m[36mActiveRecord::SchemaMigration Create (2.2ms)[0m  [1m[32mINSERT INTO `schema_migrations` (`version`) VALUES ('9') RETURNING `version` /*application='BoilerplateRailsApi'*/[0m
  [1m[35mSQL (2.0ms)[0m  [1m[34mSELECT RELEASE_LOCK('7706711770149502845') /*application='BoilerplateRailsApi'*/[0m
  [1m[36mActiveRecord::SchemaMigration Load (1.7ms)[0m  [1m[34mSELECT `schema_migrations`.`version` FROM `schema_migrations` ORDER BY `schema_migrations`.`version` ASC /*application='BoilerplateRailsApi'*/[0m
  [1m[36mActiveRecord::SchemaMigration Load (1.8ms)[0m  [1m[34mSELECT `schema_migrations`.`version` FROM `schema_migrations` ORDER BY `schema_migrations`.`version` ASC /*application='BoilerplateRailsApi'*/[0m
  [1m[36mActiveRecord::SchemaMigration Load (0.4ms)[0m  [1m[34mSELECT `schema_migrations`.`version` FROM `schema_migrations` ORDER BY `schema_migrations`.`version` ASC /*application='BoilerplateRailsApi'*/[0m
  [1m[35mSQL (0.2ms)[0m  [1m[34mSELECT GET_LOCK('4704431164495240185', 0) /*application='BoilerplateRailsApi'*/[0m
  [1m[36mActiveRecord::SchemaMigration Load (0.3ms)[0m  [1m[34mSELECT `schema_migrations`.`version` FROM `schema_migrations` ORDER BY `schema_migrations`.`version` ASC /*application='BoilerplateRailsApi'*/[0m
  [1m[36mActiveRecord::InternalMetadata Load (0.8ms)[0m  [1m[34mSELECT * FROM `ar_internal_metadata` WHERE `ar_internal_metadata`.`key` = 'environment' ORDER BY `ar_internal_metadata`.`key` ASC LIMIT 1 /*application='BoilerplateRailsApi'*/[0m
Migrating to AllowNullEncryptedPasswordForOauthUsers (9)
  [1m[35m (13.0ms)[0m  [1m[35mALTER TABLE `users` CHANGE `encrypted_password` `encrypted_password` varchar(255) COLLATE utf8mb4_general_ci DEFAULT NULL /*application='BoilerplateRailsApi'*/[0m
  [1m[36mActiveRecord::SchemaMigration Create (1.6ms)[0m  [1m[32mINSERT INTO `schema_migrations` (`version`) VALUES ('9') RETURNING `version` /*application='BoilerplateRailsApi'*/[0m
  [1m[35mSQL (0.4ms)[0m  [1m[34mSELECT RELEASE_LOCK('4704431164495240185') /*application='BoilerplateRailsApi'*/[0m
  [1m[36mActiveRecord::SchemaMigration Load (0.4ms)[0m  [1m[34mSELECT `schema_migrations`.`version` FROM `schema_migrations` ORDER BY `schema_migrations`.`version` ASC /*application='BoilerplateRailsApi'*/[0m
Started GET "/api/v1/auth/google" for 192.168.65.1 at 2026-03-21 20:51:05 +0000
  [1m[36mActiveRecord::SchemaMigration Load (1.1ms)[0m  [1m[34mSELECT `schema_migrations`.`version` FROM `schema_migrations` ORDER BY `schema_migrations`.`version` ASC /*application='BoilerplateRailsApi'*/[0m
Redirected to http://localhost:3000/auth/google_oauth2
Completed 301 Moved Permanently in 4ms


Started GET "/auth/google_oauth2" for 192.168.65.1 at 2026-03-21 20:51:06 +0000
(google_oauth2) Request phase initiated.
Started GET "/auth/google_oauth2/callback?state=f0a1005eb94f8a64c809f8d8e53c6280af4a1c4e016c2588&iss=https%3A%2F%2Faccounts.google.com&code=4%2F0AfrIepAUxAXajyivgsGcqM-iMDX2D5csHa53VNT-AaqITPrjHq2fmY51oGAfRmU7DU9njQ&scope=email+profile+https%3A%2F%2Fwww.googleapis.com%2Fauth%2Fuserinfo.email+https%3A%2F%2Fwww.googleapis.com%2Fauth%2Fuserinfo.profile+openid&authuser=0&hd=cincoveinticinco.com&prompt=none" for 192.168.65.1 at 2026-03-21 20:51:12 +0000
(google_oauth2) Callback phase initiated.
Processing by Api::V1::OauthController#google_callback as HTML
  Parameters: {"state"=>"f0a1005eb94f8a64c809f8d8e53c6280af4a1c4e016c2588", "iss"=>"https://accounts.google.com", "code"=>"4/0AfrIepAUxAXajyivgsGcqM-iMDX2D5csHa53VNT-AaqITPrjHq2fmY51oGAfRmU7DU9njQ", "scope"=>"email profile https://www.googleapis.com/auth/userinfo.email https://www.googleapis.com/auth/userinfo.profile openid", "authuser"=>"0", "hd"=>"cincoveinticinco.com", "prompt"=>"none"}
  [1m[36mUser Load (8.3ms)[0m  [1m[34mSELECT `users`.* FROM `users` WHERE `users`.`google_uid` = '103522933956856340115' LIMIT 1 /*action='google_callback',application='BoilerplateRailsApi',controller='oauth'*/[0m
  ↳ app/domains/auth/repositories/user_repository.rb:23:in `find_or_create_from_google'
  [1m[36mUser Load (1.0ms)[0m  [1m[34mSELECT `users`.* FROM `users` WHERE `users`.`email` = 'daniel.c@cincoveinticinco.com' LIMIT 1 /*action='google_callback',application='BoilerplateRailsApi',controller='oauth'*/[0m
  ↳ app/domains/auth/repositories/user_repository.rb:26:in `find_or_create_from_google'
  [1m[36mTRANSACTION (0.7ms)[0m  [1m[35mBEGIN /*action='google_callback',application='BoilerplateRailsApi',controller='oauth'*/[0m
  ↳ app/domains/auth/repositories/user_repository.rb:35:in `find_or_create_from_google'
  [1m[36mUser Exists? (8.9ms)[0m  [1m[34mSELECT 1 AS one FROM `users` WHERE `users`.`email` = 'daniel.c@cincoveinticinco.com' LIMIT 1 /*action='google_callback',application='BoilerplateRailsApi',controller='oauth'*/[0m
  ↳ app/domains/auth/repositories/user_repository.rb:35:in `find_or_create_from_google'
  [1m[36mUser Create (2.3ms)[0m  [1m[32mINSERT INTO `users` (`email`, `encrypted_password`, `name`, `refresh_token_hash`, `refresh_token_expires_at`, `confirmed_at`, `created_at`, `updated_at`, `super_admin`, `google_uid`, `avatar_url`, `auth_provider`) VALUES ('daniel.c@cincoveinticinco.com', NULL, 'Daniel Carrera', NULL, NULL, '2026-03-21 20:51:13.394073', '2026-03-21 20:51:13.466636', '2026-03-21 20:51:13.466636', FALSE, '103522933956856340115', 'https://lh3.googleusercontent.com/a/ACg8ocI34k_X6jocBQOv0X44VMbcVUBMFlCAQsBGJcy4emX3nbdQqbg=s200-c', 'google') RETURNING `id` /*action='google_callback',application='BoilerplateRailsApi',controller='oauth'*/[0m
  ↳ app/domains/auth/repositories/user_repository.rb:35:in `find_or_create_from_google'
  [1m[36mTRANSACTION (1.1ms)[0m  [1m[35mCOMMIT /*action='google_callback',application='BoilerplateRailsApi',controller='oauth'*/[0m
  ↳ app/domains/auth/repositories/user_repository.rb:35:in `find_or_create_from_google'
  [1m[36mPermission Load (6.6ms)[0m  [1m[34mSELECT DISTINCT `permissions`.* FROM `permissions` INNER JOIN `role_permissions` ON `role_permissions`.`permission_id` = `permissions`.`id` INNER JOIN `roles` ON `roles`.`id` = `role_permissions`.`role_id` INNER JOIN `user_roles` ON `user_roles`.`role_id` = `roles`.`id` WHERE `user_roles`.`user_id` = 5 AND (user_roles.expires_at IS NULL OR user_roles.expires_at > '2026-03-21 20:51:13.625827') /*action='google_callback',application='BoilerplateRailsApi',controller='oauth'*/[0m
  ↳ app/domains/authorization/repositories/user_role_repository.rb:14:in `map'
  [1m[36mUser Load (0.6ms)[0m  [1m[34mSELECT `users`.* FROM `users` WHERE `users`.`id` = 5 LIMIT 1 /*action='google_callback',application='BoilerplateRailsApi',controller='oauth'*/[0m
  ↳ app/domains/auth/repositories/user_repository.rb:49:in `save_refresh_token'
  [1m[36mTRANSACTION (0.4ms)[0m  [1m[35mBEGIN /*action='google_callback',application='BoilerplateRailsApi',controller='oauth'*/[0m
  ↳ app/domains/auth/repositories/user_repository.rb:49:in `save_refresh_token'
  [1m[36mUser Update (4.2ms)[0m  [1m[33mUPDATE `users` SET `users`.`refresh_token_hash` = '$2a$12$U9sqkhx1PL60o/otW9iZ8u8BdOZPa4/lDk4OZwIwWgR4XYgtyoxvG', `users`.`refresh_token_expires_at` = '2026-04-20 20:51:13.883413', `users`.`updated_at` = '2026-03-21 20:51:13.908957' WHERE `users`.`id` = 5 /*action='google_callback',application='BoilerplateRailsApi',controller='oauth'*/[0m
  ↳ app/domains/auth/repositories/user_repository.rb:49:in `save_refresh_token'
  [1m[36mTRANSACTION (0.8ms)[0m  [1m[35mCOMMIT /*action='google_callback',application='BoilerplateRailsApi',controller='oauth'*/[0m
  ↳ app/domains/auth/repositories/user_repository.rb:49:in `save_refresh_token'
  [1m[36mUser Load (0.5ms)[0m  [1m[34mSELECT `users`.* FROM `users` WHERE `users`.`id` = 5 LIMIT 1 /*action='google_callback',application='BoilerplateRailsApi',controller='oauth'*/[0m
  ↳ app/domains/auth/repositories/user_repository.rb:9:in `find_by_id'
  [1m[36mCACHE User Load (0.0ms)[0m  [1m[34mSELECT `users`.* FROM `users` WHERE `users`.`id` = 5 LIMIT 1[0m
  ↳ app/domains/auth/repositories/user_repository.rb:49:in `save_refresh_token'
  [1m[36mTRANSACTION (1.4ms)[0m  [1m[35mBEGIN /*action='google_callback',application='BoilerplateRailsApi',controller='oauth'*/[0m
  ↳ app/domains/auth/repositories/user_repository.rb:49:in `save_refresh_token'
  [1m[36mUser Update (7.4ms)[0m  [1m[33mUPDATE `users` SET `users`.`refresh_token_hash` = '$2a$12$vKF4Ubn9e7Gj3QwZlDJv..RZDCCAUT5CYRc7qZuwGTDL.Oln9KCuK', `users`.`refresh_token_expires_at` = '2026-04-20 20:51:14.378219', `users`.`updated_at` = '2026-03-21 20:51:14.386333' WHERE `users`.`id` = 5 /*action='google_callback',application='BoilerplateRailsApi',controller='oauth'*/[0m
  ↳ app/domains/auth/repositories/user_repository.rb:49:in `save_refresh_token'
  [1m[36mTRANSACTION (2.5ms)[0m  [1m[35mCOMMIT /*action='google_callback',application='BoilerplateRailsApi',controller='oauth'*/[0m
  ↳ app/domains/auth/repositories/user_repository.rb:49:in `save_refresh_token'
  [1m[36mPermission Load (3.7ms)[0m  [1m[34mSELECT DISTINCT `permissions`.* FROM `permissions` INNER JOIN `role_permissions` ON `role_permissions`.`permission_id` = `permissions`.`id` INNER JOIN `roles` ON `roles`.`id` = `role_permissions`.`role_id` INNER JOIN `user_roles` ON `user_roles`.`role_id` = `roles`.`id` WHERE `user_roles`.`user_id` = 5 AND (user_roles.expires_at IS NULL OR user_roles.expires_at > '2026-03-21 20:51:14.411212') /*action='google_callback',application='BoilerplateRailsApi',controller='oauth'*/[0m
  ↳ app/domains/authorization/repositories/user_role_repository.rb:14:in `map'
Redirected to http://localhost:5173/auth/callback?access_token=[FILTERED]&refresh_token=[FILTERED]
Completed 302 Found in 1156ms (ActiveRecord: 63.0ms (11 queries, 1 cached) | GC: 44.9ms)


Started GET "/api/v1/auth/google" for 192.168.65.1 at 2026-03-21 20:52:53 +0000
Redirected to http://localhost:3000/auth/google_oauth2
Completed 301 Moved Permanently in 13ms


Started GET "/auth/google_oauth2" for 192.168.65.1 at 2026-03-21 20:52:54 +0000
(google_oauth2) Request phase initiated.
Started GET "/auth/google_oauth2/callback?state=55b4bbb8d04eeb426a90c2a42e8665c75688edcf7d453640&iss=https%3A%2F%2Faccounts.google.com&code=4%2F0AfrIepBiOTOejISR1dTFx09SYjUJDEm0rq-DgWq1gTnJ-GP8BvUTTMcfSMfRIXw908FuUw&scope=email+profile+https%3A%2F%2Fwww.googleapis.com%2Fauth%2Fuserinfo.email+https%3A%2F%2Fwww.googleapis.com%2Fauth%2Fuserinfo.profile+openid&authuser=0&hd=cincoveinticinco.com&prompt=none" for 192.168.65.1 at 2026-03-21 20:52:58 +0000
(google_oauth2) Callback phase initiated.
Processing by Api::V1::OauthController#google_callback as HTML
  Parameters: {"state"=>"55b4bbb8d04eeb426a90c2a42e8665c75688edcf7d453640", "iss"=>"https://accounts.google.com", "code"=>"4/0AfrIepBiOTOejISR1dTFx09SYjUJDEm0rq-DgWq1gTnJ-GP8BvUTTMcfSMfRIXw908FuUw", "scope"=>"email profile https://www.googleapis.com/auth/userinfo.email https://www.googleapis.com/auth/userinfo.profile openid", "authuser"=>"0", "hd"=>"cincoveinticinco.com", "prompt"=>"none"}
  [1m[36mUser Load (1.7ms)[0m  [1m[34mSELECT `users`.* FROM `users` WHERE `users`.`google_uid` = '103522933956856340115' LIMIT 1 /*action='google_callback',application='BoilerplateRailsApi',controller='oauth'*/[0m
  ↳ app/domains/auth/repositories/user_repository.rb:23:in `find_or_create_from_google'
  [1m[36mPermission Load (2.4ms)[0m  [1m[34mSELECT DISTINCT `permissions`.* FROM `permissions` INNER JOIN `role_permissions` ON `role_permissions`.`permission_id` = `permissions`.`id` INNER JOIN `roles` ON `roles`.`id` = `role_permissions`.`role_id` INNER JOIN `user_roles` ON `user_roles`.`role_id` = `roles`.`id` WHERE `user_roles`.`user_id` = 5 AND (user_roles.expires_at IS NULL OR user_roles.expires_at > '2026-03-21 20:52:59.635001') /*action='google_callback',application='BoilerplateRailsApi',controller='oauth'*/[0m
  ↳ app/domains/authorization/repositories/user_role_repository.rb:14:in `map'
  [1m[36mUser Load (0.7ms)[0m  [1m[34mSELECT `users`.* FROM `users` WHERE `users`.`id` = 5 LIMIT 1 /*action='google_callback',application='BoilerplateRailsApi',controller='oauth'*/[0m
  ↳ app/domains/auth/repositories/user_repository.rb:49:in `save_refresh_token'
  [1m[36mTRANSACTION (0.4ms)[0m  [1m[35mBEGIN /*action='google_callback',application='BoilerplateRailsApi',controller='oauth'*/[0m
  ↳ app/domains/auth/repositories/user_repository.rb:49:in `save_refresh_token'
  [1m[36mUser Update (4.4ms)[0m  [1m[33mUPDATE `users` SET `users`.`refresh_token_hash` = '$2a$12$L/4YxIYjrp769fA4Z5uYeeRCJWqhWfgYVAm..nVi3Se7.iTFgdY22', `users`.`refresh_token_expires_at` = '2026-04-20 20:52:59.853903', `users`.`updated_at` = '2026-03-21 20:52:59.858837' WHERE `users`.`id` = 5 /*action='google_callback',application='BoilerplateRailsApi',controller='oauth'*/[0m
  ↳ app/domains/auth/repositories/user_repository.rb:49:in `save_refresh_token'
  [1m[36mTRANSACTION (0.9ms)[0m  [1m[35mCOMMIT /*action='google_callback',application='BoilerplateRailsApi',controller='oauth'*/[0m
  ↳ app/domains/auth/repositories/user_repository.rb:49:in `save_refresh_token'
  [1m[36mUser Load (0.6ms)[0m  [1m[34mSELECT `users`.* FROM `users` WHERE `users`.`id` = 5 LIMIT 1 /*action='google_callback',application='BoilerplateRailsApi',controller='oauth'*/[0m
  ↳ app/domains/auth/repositories/user_repository.rb:9:in `find_by_id'
  [1m[36mCACHE User Load (0.5ms)[0m  [1m[34mSELECT `users`.* FROM `users` WHERE `users`.`id` = 5 LIMIT 1[0m
  ↳ app/domains/auth/repositories/user_repository.rb:49:in `save_refresh_token'
  [1m[36mTRANSACTION (0.3ms)[0m  [1m[35mBEGIN /*action='google_callback',application='BoilerplateRailsApi',controller='oauth'*/[0m
  ↳ app/domains/auth/repositories/user_repository.rb:49:in `save_refresh_token'
  [1m[36mUser Update (3.7ms)[0m  [1m[33mUPDATE `users` SET `users`.`refresh_token_hash` = '$2a$12$ArhhyQducUPB0wxMOLjI9e/yl9ErYoQ4/42kfiEtHfcwbgwa2mSPi', `users`.`refresh_token_expires_at` = '2026-04-20 20:53:00.300178', `users`.`updated_at` = '2026-03-21 20:53:00.305308' WHERE `users`.`id` = 5 /*action='google_callback',application='BoilerplateRailsApi',controller='oauth'*/[0m
  ↳ app/domains/auth/repositories/user_repository.rb:49:in `save_refresh_token'
  [1m[36mTRANSACTION (0.9ms)[0m  [1m[35mCOMMIT /*action='google_callback',application='BoilerplateRailsApi',controller='oauth'*/[0m
  ↳ app/domains/auth/repositories/user_repository.rb:49:in `save_refresh_token'
  [1m[36mPermission Load (1.9ms)[0m  [1m[34mSELECT DISTINCT `permissions`.* FROM `permissions` INNER JOIN `role_permissions` ON `role_permissions`.`permission_id` = `permissions`.`id` INNER JOIN `roles` ON `roles`.`id` = `role_permissions`.`role_id` INNER JOIN `user_roles` ON `user_roles`.`role_id` = `roles`.`id` WHERE `user_roles`.`user_id` = 5 AND (user_roles.expires_at IS NULL OR user_roles.expires_at > '2026-03-21 20:53:00.320093') /*action='google_callback',application='BoilerplateRailsApi',controller='oauth'*/[0m
  ↳ app/domains/authorization/repositories/user_role_repository.rb:14:in `map'
Redirected to http://localhost:5173/auth/callback?access_token=[FILTERED]&refresh_token=[FILTERED]
Completed 302 Found in 702ms (ActiveRecord: 17.4ms (8 queries, 1 cached) | GC: 0.3ms)


Started GET "/api/v1/forms/login-form" for 192.168.65.1 at 2026-03-21 20:54:11 +0000
Processing by Api::V1::FormsController#show as HTML
  Parameters: {"slug"=>"login-form"}
  [1m[36mFormSchema Load (0.7ms)[0m  [1m[34mSELECT `form_schemas`.* FROM `form_schemas` WHERE `form_schemas`.`slug` = 'login-form' AND `form_schemas`.`active` = TRUE LIMIT 1 /*action='show',application='BoilerplateRailsApi',controller='forms'*/[0m
  ↳ app/domains/forms/repositories/form_schema_repository.rb:8:in `find_by_slug'
Completed 200 OK in 139ms (Views: 1.1ms | ActiveRecord: 7.6ms (1 query, 0 cached) | GC: 1.8ms)


Started GET "/api/v1/forms/login-form" for 192.168.65.1 at 2026-03-21 20:54:11 +0000
Processing by Api::V1::FormsController#show as HTML
  Parameters: {"slug"=>"login-form"}
  [1m[36mFormSchema Load (0.8ms)[0m  [1m[34mSELECT `form_schemas`.* FROM `form_schemas` WHERE `form_schemas`.`slug` = 'login-form' AND `form_schemas`.`active` = TRUE LIMIT 1 /*action='show',application='BoilerplateRailsApi',controller='forms'*/[0m
  ↳ app/domains/forms/repositories/form_schema_repository.rb:8:in `find_by_slug'
Completed 200 OK in 7ms (Views: 0.7ms | ActiveRecord: 0.8ms (1 query, 0 cached) | GC: 0.0ms)


Started GET "/api/v1/auth/google" for 192.168.65.1 at 2026-03-21 20:54:17 +0000
Redirected to http://localhost:3000/auth/google_oauth2
Completed 301 Moved Permanently in 0ms


Started GET "/auth/google_oauth2" for 192.168.65.1 at 2026-03-21 20:54:17 +0000
(google_oauth2) Request phase initiated.
Started GET "/auth/google_oauth2/callback?state=e4791d75efff733550483463511956be2d86a2d751cc3b23&iss=https%3A%2F%2Faccounts.google.com&code=4%2F0AfrIepAIC5FLqMfw4O12MHpx9DSZGe4taR0dH5rHm-DABGNTTgjjNuH-ooFqghUrG-cZ5A&scope=email+profile+https%3A%2F%2Fwww.googleapis.com%2Fauth%2Fuserinfo.email+openid+https%3A%2F%2Fwww.googleapis.com%2Fauth%2Fuserinfo.profile&authuser=0&hd=cincoveinticinco.com&prompt=none" for 192.168.65.1 at 2026-03-21 20:54:20 +0000
(google_oauth2) Callback phase initiated.
Processing by Api::V1::OauthController#google_callback as HTML
  Parameters: {"state"=>"e4791d75efff733550483463511956be2d86a2d751cc3b23", "iss"=>"https://accounts.google.com", "code"=>"4/0AfrIepAIC5FLqMfw4O12MHpx9DSZGe4taR0dH5rHm-DABGNTTgjjNuH-ooFqghUrG-cZ5A", "scope"=>"email profile https://www.googleapis.com/auth/userinfo.email openid https://www.googleapis.com/auth/userinfo.profile", "authuser"=>"0", "hd"=>"cincoveinticinco.com", "prompt"=>"none"}
  [1m[36mUser Load (1.6ms)[0m  [1m[34mSELECT `users`.* FROM `users` WHERE `users`.`google_uid` = '103522933956856340115' LIMIT 1 /*action='google_callback',application='BoilerplateRailsApi',controller='oauth'*/[0m
  ↳ app/domains/auth/repositories/user_repository.rb:23:in `find_or_create_from_google'
  [1m[36mPermission Load (1.3ms)[0m  [1m[34mSELECT DISTINCT `permissions`.* FROM `permissions` INNER JOIN `role_permissions` ON `role_permissions`.`permission_id` = `permissions`.`id` INNER JOIN `roles` ON `roles`.`id` = `role_permissions`.`role_id` INNER JOIN `user_roles` ON `user_roles`.`role_id` = `roles`.`id` WHERE `user_roles`.`user_id` = 5 AND (user_roles.expires_at IS NULL OR user_roles.expires_at > '2026-03-21 20:54:21.474762') /*action='google_callback',application='BoilerplateRailsApi',controller='oauth'*/[0m
  ↳ app/domains/authorization/repositories/user_role_repository.rb:14:in `map'
  [1m[36mUser Load (0.5ms)[0m  [1m[34mSELECT `users`.* FROM `users` WHERE `users`.`id` = 5 LIMIT 1 /*action='google_callback',application='BoilerplateRailsApi',controller='oauth'*/[0m
  ↳ app/domains/auth/repositories/user_repository.rb:49:in `save_refresh_token'
  [1m[36mTRANSACTION (0.3ms)[0m  [1m[35mBEGIN /*action='google_callback',application='BoilerplateRailsApi',controller='oauth'*/[0m
  ↳ app/domains/auth/repositories/user_repository.rb:49:in `save_refresh_token'
  [1m[36mUser Update (3.0ms)[0m  [1m[33mUPDATE `users` SET `users`.`refresh_token_hash` = '$2a$12$F6ZQfYKzlrbX5aQO5.jLbux5Q7cVZmlTZYNhjycqRd62BZEuYl.sK', `users`.`refresh_token_expires_at` = '2026-04-20 20:54:21.696273', `users`.`updated_at` = '2026-03-21 20:54:21.701156' WHERE `users`.`id` = 5 /*action='google_callback',application='BoilerplateRailsApi',controller='oauth'*/[0m
  ↳ app/domains/auth/repositories/user_repository.rb:49:in `save_refresh_token'
  [1m[36mTRANSACTION (1.5ms)[0m  [1m[35mCOMMIT /*action='google_callback',application='BoilerplateRailsApi',controller='oauth'*/[0m
  ↳ app/domains/auth/repositories/user_repository.rb:49:in `save_refresh_token'
  [1m[36mUser Load (0.5ms)[0m  [1m[34mSELECT `users`.* FROM `users` WHERE `users`.`id` = 5 LIMIT 1 /*action='google_callback',application='BoilerplateRailsApi',controller='oauth'*/[0m
  ↳ app/domains/auth/repositories/user_repository.rb:9:in `find_by_id'
  [1m[36mCACHE User Load (0.0ms)[0m  [1m[34mSELECT `users`.* FROM `users` WHERE `users`.`id` = 5 LIMIT 1[0m
  ↳ app/domains/auth/repositories/user_repository.rb:49:in `save_refresh_token'
  [1m[36mTRANSACTION (0.3ms)[0m  [1m[35mBEGIN /*action='google_callback',application='BoilerplateRailsApi',controller='oauth'*/[0m
  ↳ app/domains/auth/repositories/user_repository.rb:49:in `save_refresh_token'
  [1m[36mUser Update (2.6ms)[0m  [1m[33mUPDATE `users` SET `users`.`refresh_token_hash` = '$2a$12$jdK.A5MKmCud7jr5h9osOerZpd7UHJFuoeJAFSrF3NCeXckrkW2La', `users`.`refresh_token_expires_at` = '2026-04-20 20:54:22.136029', `users`.`updated_at` = '2026-03-21 20:54:22.140051' WHERE `users`.`id` = 5 /*action='google_callback',application='BoilerplateRailsApi',controller='oauth'*/[0m
  ↳ app/domains/auth/repositories/user_repository.rb:49:in `save_refresh_token'
  [1m[36mTRANSACTION (1.0ms)[0m  [1m[35mCOMMIT /*action='google_callback',application='BoilerplateRailsApi',controller='oauth'*/[0m
  ↳ app/domains/auth/repositories/user_repository.rb:49:in `save_refresh_token'
  [1m[36mPermission Load (2.9ms)[0m  [1m[34mSELECT DISTINCT `permissions`.* FROM `permissions` INNER JOIN `role_permissions` ON `role_permissions`.`permission_id` = `permissions`.`id` INNER JOIN `roles` ON `roles`.`id` = `role_permissions`.`role_id` INNER JOIN `user_roles` ON `user_roles`.`role_id` = `roles`.`id` WHERE `user_roles`.`user_id` = 5 AND (user_roles.expires_at IS NULL OR user_roles.expires_at > '2026-03-21 20:54:22.157625') /*action='google_callback',application='BoilerplateRailsApi',controller='oauth'*/[0m
  ↳ app/domains/authorization/repositories/user_role_repository.rb:14:in `map'
Redirected to http://localhost:5173/auth/callback?access_token=[FILTERED]&refresh_token=[FILTERED]
Completed 302 Found in 705ms (ActiveRecord: 15.6ms (8 queries, 1 cached) | GC: 0.6ms)


Started GET "/api/v1/forms/login-form" for 192.168.65.1 at 2026-03-21 21:11:59 +0000
Processing by Api::V1::FormsController#show as HTML
  Parameters: {"slug"=>"login-form"}
  [1m[36mFormSchema Load (2.8ms)[0m  [1m[34mSELECT `form_schemas`.* FROM `form_schemas` WHERE `form_schemas`.`slug` = 'login-form' AND `form_schemas`.`active` = TRUE LIMIT 1 /*action='show',application='BoilerplateRailsApi',controller='forms'*/[0m
  ↳ app/domains/forms/repositories/form_schema_repository.rb:8:in `find_by_slug'
Completed 200 OK in 45ms (Views: 0.8ms | ActiveRecord: 3.7ms (1 query, 0 cached) | GC: 0.0ms)


Started GET "/api/v1/forms/login-form" for 192.168.65.1 at 2026-03-21 21:11:59 +0000
Processing by Api::V1::FormsController#show as HTML
  Parameters: {"slug"=>"login-form"}
  [1m[36mFormSchema Load (0.8ms)[0m  [1m[34mSELECT `form_schemas`.* FROM `form_schemas` WHERE `form_schemas`.`slug` = 'login-form' AND `form_schemas`.`active` = TRUE LIMIT 1 /*action='show',application='BoilerplateRailsApi',controller='forms'*/[0m
  ↳ app/domains/forms/repositories/form_schema_repository.rb:8:in `find_by_slug'
Completed 200 OK in 18ms (Views: 0.7ms | ActiveRecord: 0.8ms (1 query, 0 cached) | GC: 9.9ms)


